temp,visib,day,mo,year,NUM_COLLISIONS
76,8.9,1,07,2012,505
78.5,10,1,07,2012,533
79,9.2,1,07,2012,528
73.1,10,1,07,2012,530
80.3,10,1,07,2012,564
76.5,10,2,07,2012,524
79.8,10,2,07,2012,664
80.3,8.1,2,07,2012,574
84.6,9.4,2,07,2012,648
73.4,10,2,07,2012,540
81.8,9.2,3,07,2012,432
85.3,7.2,3,07,2012,559
77.1,10,3,07,2012,565
76.5,10,3,07,2012,612
73.3,7.5,4,07,2012,522
77.4,10,4,07,2012,577
86.7,9.4,4,07,2012,591
78,8.9,4,07,2012,604
67.2,7.4,5,07,2012,604
78.9,9.9,5,07,2012,603
76.6,9.1,5,07,2012,638
81.9,10,5,07,2012,638
78.5,10,6,07,2012,536
75.5,7,6,07,2012,513
84.9,9.5,6,07,2012,490
68.1,9.8,6,07,2012,528
72.5,10,7,07,2012,498
83.6,9.7,7,07,2012,538
79.7,9.1,7,07,2012,494
80.6,8.5,7,07,2012,464
71.7,9.4,7,07,2012,376
71.4,10,1,08,2012,473
71.9,8.6,1,08,2012,548
76.3,9.2,1,08,2012,504
77.3,8.9,1,08,2012,593
75.2,10,2,08,2012,547
77.9,9,2,08,2012,587
76,9.6,2,08,2012,520
72.8,10,2,08,2012,482
77.8,8.8,3,08,2012,528
73.8,9.8,3,08,2012,504
73.3,10,3,08,2012,550
72.2,7.8,3,08,2012,616
73.6,6.5,3,08,2012,602
78.2,9.3,4,08,2012,581
74,6.7,4,08,2012,613
72,10,4,08,2012,618
74.7,8.9,4,08,2012,574
75,6.2,4,08,2012,570
78.7,9.9,5,08,2012,701
77.3,9.3,5,08,2012,601
77.9,9.5,5,08,2012,574
77.9,6,5,08,2012,589
75.3,7.6,5,08,2012,617
77.7,7.8,6,08,2012,507
77.9,5.7,6,08,2012,568
75.7,7.3,6,08,2012,474
69.8,8.4,6,08,2012,540
77.8,8.7,7,08,2012,505
78.1,5.8,7,08,2012,518
73.9,10,7,08,2012,471
68.7,10,7,08,2012,467
73.8,10,1,09,2012,373
65.4,10,1,09,2012,637
66.5,10,1,09,2012,452
59,10,1,09,2012,562
62,10,2,09,2012,594
62.8,10,2,09,2012,521
72.6,8.8,2,09,2012,606
70.6,7.6,2,09,2012,556
68.5,10,3,09,2012,651
66.7,7.6,3,09,2012,612
75.2,6.7,3,09,2012,601
67.7,10,3,09,2012,404
61,10,4,09,2012,522
69,8.7,4,09,2012,620
70.4,10,4,09,2012,632
73.2,9.7,4,09,2012,572
70.5,9.7,5,09,2012,609
64.7,10,5,09,2012,654
65.2,5.9,5,09,2012,703
77,8.7,5,09,2012,680
62.4,7.6,6,09,2012,485
75.3,8.8,6,09,2012,598
66.3,8.1,6,09,2012,547
67.2,10,6,09,2012,557
81.6,9.9,6,09,2012,515
63.8,9,7,09,2012,480
60.5,9.5,7,09,2012,449
68.4,9.5,7,09,2012,464
75.4,9.8,7,09,2012,421
65.1,10,7,09,2012,458
56.9,6.1,1,10,2012,298
65.3,9.4,1,10,2012,607
57.8,10,1,10,2012,609
49.9,9,1,10,2012,376
60.6,10,1,10,2012,555
53.8,8.5,2,10,2012,570
55.8,9.9,2,10,2012,602
53.9,8.1,2,10,2012,372
63.7,7.3,2,10,2012,593
59,9.7,2,10,2012,522
49.7,8.6,3,10,2012,549
57.1,6.4,3,10,2012,494
51.9,10,3,10,2012,615
65.6,1.5,3,10,2012,502
58.2,7.5,3,10,2012,640
58,10,4,10,2012,511
53.4,10,4,10,2012,657
56.8,9.7,4,10,2012,630
68.6,2.9,4,10,2012,554
51.2,10,5,10,2012,594
63.2,6.1,5,10,2012,738
67.8,8.4,5,10,2012,693
60.8,10,5,10,2012,598
66.1,7,6,10,2012,500
45.2,10,6,10,2012,547
62.7,5,6,10,2012,587
61.9,9.6,6,10,2012,524
52.5,9.3,7,10,2012,481
56.5,10,7,10,2012,426
58.7,10,7,10,2012,517
57.7,9.6,7,10,2012,403
40.3,10,1,11,2012,563
56.7,7.4,1,11,2012,547
42.3,10,1,11,2012,479
43,10,1,11,2012,585
36.6,10,2,11,2012,514
44.4,10,2,11,2012,671
38.7,7,2,11,2012,583
52.4,8.8,2,11,2012,648
37.5,9.3,3,11,2012,512
42.8,9.6,3,11,2012,625
46.5,10,3,11,2012,689
37.1,7.3,3,11,2012,718
37.5,9.7,4,11,2012,515
40.4,10,4,11,2012,623
47.7,10,4,11,2012,439
41.2,5.1,4,11,2012,550
47.3,10,4,11,2012,384
43.3,9.8,5,11,2012,688
48.2,10,5,11,2012,345
41.9,9.7,5,11,2012,672
48.3,8.9,5,11,2012,481
41.3,9.3,5,11,2012,576
43.6,10,6,11,2012,542
48,7.9,6,11,2012,444
44.1,9.5,6,11,2012,458
44.7,10,6,11,2012,307
43.2,9.8,7,11,2012,446
43.2,10,7,11,2012,344
54.7,7,7,11,2012,526
36.6,10,7,11,2012,415
42,5.6,1,12,2012,649
50.3,2.8,1,12,2012,619
37,10,1,12,2012,518
31.5,10,1,12,2012,482
53.5,7,1,12,2012,621
37.5,6.8,2,12,2012,354
51.9,5.6,2,12,2012,621
50.1,7.3,2,12,2012,578
47.3,5.3,2,12,2012,645
32.2,8.8,3,12,2012,531
44,10,3,12,2012,590
52.6,9.1,3,12,2012,514
40.1,10,3,12,2012,550
35,10,4,12,2012,620
40.3,10,4,12,2012,545
39.1,6,4,12,2012,525
39.8,10,4,12,2012,606
41.4,10,5,12,2012,648
33,9.4,5,12,2012,557
47.3,7.1,5,12,2012,751
38.8,7.9,5,12,2012,714
38.5,9.3,6,12,2012,480
47.3,3.7,6,12,2012,580
42.6,9.9,6,12,2012,523
37.4,10,6,12,2012,542
32.5,7.8,6,12,2012,442
44.3,3.9,7,12,2012,455
44.5,7.5,7,12,2012,500
32.4,8.8,7,12,2012,411
46.2,7.2,7,12,2012,544
37.8,10,7,12,2012,408
31.2,9.2,1,01,2013,355
35.9,8.8,1,01,2013,521
27.3,8.8,1,01,2013,507
47.2,1.3,1,01,2013,542
39.8,9.8,2,01,2013,513
42.3,9.5,2,01,2013,516
26.3,6.5,2,01,2013,544
38,10,2,01,2013,381
35.4,2.6,2,01,2013,542
39.9,6.8,3,01,2013,487
45.1,4.4,3,01,2013,497
27.5,10,3,01,2013,480
41.6,7,3,01,2013,578
16.2,10,3,01,2013,545
14.3,10,4,01,2013,554
21.8,10,4,01,2013,549
43.5,9.9,4,01,2013,555
39.4,8.6,4,01,2013,491
46.5,5.9,4,01,2013,592
19,10,5,01,2013,674
38,10,5,01,2013,660
28.1,7.5,5,01,2013,561
32.2,10,5,01,2013,505
35.9,9.2,6,01,2013,484
24.4,8.6,6,01,2013,558
37.3,10,6,01,2013,389
42.7,7.1,6,01,2013,475
35.7,9.8,7,01,2013,393
46.3,7,7,01,2013,393
21.7,10,7,01,2013,429
45.4,4.3,7,01,2013,373
24.6,9.3,1,02,2013,398
37.5,8.3,1,02,2013,490
36.4,7.6,1,02,2013,475
29,8.8,1,02,2013,553
28.7,7.8,2,02,2013,566
35,10,2,02,2013,537
36.7,10,2,02,2013,477
41.4,6.5,2,02,2013,498
34.8,9,3,02,2013,566
44.1,5.9,3,02,2013,550
38.7,8.5,3,02,2013,510
36.1,10,3,02,2013,570
29.4,10,4,02,2013,526
36.6,8.4,4,02,2013,631
30.6,10,4,02,2013,498
41.4,7.2,4,02,2013,517
38.6,9.8,5,02,2013,604
33.1,10,5,02,2013,574
35.4,9.8,5,02,2013,531
34.3,7.3,5,02,2013,703
29.2,1.2,6,02,2013,403
39.2,9.2,6,02,2013,449
27.6,10,6,02,2013,534
36.3,9.7,6,02,2013,521
24.7,8.9,7,02,2013,400
30.9,4.2,7,02,2013,447
30.7,8.2,7,02,2013,445
42.6,4.3,7,02,2013,426
37,10,1,03,2013,597
38.1,10,1,03,2013,498
39.9,10,1,03,2013,522
32.1,10,1,03,2013,623
46,7.5,2,03,2013,547
39.6,4.6,2,03,2013,559
38.5,9.9,2,03,2013,527
39.8,9.7,2,03,2013,425
36.5,10,3,03,2013,540
39.1,9.4,3,03,2013,475
41.7,10,3,03,2013,441
46.3,7.1,3,03,2013,636
38.3,9.8,4,03,2013,508
37,9.7,4,03,2013,557
42.5,9.9,4,03,2013,549
38.3,4.1,4,03,2013,535
31.2,10,5,03,2013,607
34.3,6.8,5,03,2013,604
37.4,3.3,5,03,2013,851
39.3,9.4,5,03,2013,603
45.2,10,5,03,2013,520
38.5,10,6,03,2013,488
37.1,10,6,03,2013,521
38.2,10,6,03,2013,474
39.2,9.9,6,03,2013,569
44.5,10,6,03,2013,513
34.8,9.9,7,03,2013,426
39.1,10,7,03,2013,451
37.4,10,7,03,2013,502
39,10,7,03,2013,415
43,10,7,03,2013,426
43,10,1,04,2013,565
46.1,10,1,04,2013,603
49.7,9.9,1,04,2013,598
50,9.1,1,04,2013,582
47,6.8,1,04,2013,479
39.6,9.9,2,04,2013,437
46,10,2,04,2013,564
49.4,6.7,2,04,2013,613
51,10,2,04,2013,576
44.6,5.1,2,04,2013,513
46.5,7.6,3,04,2013,580
42.6,10,3,04,2013,532
52.1,8.3,3,04,2013,535
47.5,7,3,04,2013,598
39,10,4,04,2013,566
50.8,7.2,4,04,2013,583
46.2,6.6,4,04,2013,517
46.5,10,4,04,2013,553
52.6,4.6,5,04,2013,570
42.9,8.7,5,04,2013,582
49.5,9.5,5,04,2013,675
43.6,7.7,5,04,2013,649
44.4,8.2,6,04,2013,555
52.7,3.6,6,04,2013,532
46.6,8.6,6,04,2013,517
40.2,10,6,04,2013,531
48,9.8,7,04,2013,440
45.1,10,7,04,2013,471
46.1,9.6,7,04,2013,472
39.7,10,7,04,2013,451
53.1,9.9,1,05,2013,577
57.5,2.9,1,05,2013,657
49.2,5.1,1,05,2013,561
56.9,10,1,05,2013,420
54.4,4.4,2,05,2013,592
56.6,9.9,2,05,2013,686
58,0.3,2,05,2013,697
51,9.8,2,05,2013,565
53.1,10,3,05,2013,532
57.9,4.9,3,05,2013,574
49.9,7.4,3,05,2013,576
57.8,2.5,3,05,2013,570
59.4,7.5,3,05,2013,620
61.5,3,4,05,2013,735
49.9,9.5,4,05,2013,585
60.9,6.1,4,05,2013,685
57.7,7.1,4,05,2013,559
57.2,5,4,05,2013,602
62,6.7,5,05,2013,736
46.9,9.9,5,05,2013,686
61,2.1,5,05,2013,668
58.2,9.9,5,05,2013,741
56.1,5.7,5,05,2013,698
56.2,3.7,6,05,2013,523
47.8,10,6,05,2013,580
55.6,4.6,6,05,2013,514
54.6,10,6,05,2013,506
56.2,3.3,7,05,2013,527
56.3,9.3,7,05,2013,544
47.8,9.7,7,05,2013,515
50.2,9.3,7,05,2013,455
66.8,2.8,1,06,2013,680
63.2,7,1,06,2013,614
60.8,2,1,06,2013,707
62.2,9.3,1,06,2013,624
69.7,8.4,2,06,2013,648
60.8,1.8,2,06,2013,635
61.8,7.5,2,06,2013,613
60.9,3.1,2,06,2013,613
69.5,6.1,3,06,2013,621
64,8.1,3,06,2013,615
58.6,9.8,3,06,2013,599
62.6,8.4,3,06,2013,622
60.6,9.6,4,06,2013,681
60.8,10,4,06,2013,534
65.5,3.1,4,06,2013,598
58.6,10,4,06,2013,605
55,7,5,06,2013,693
56.1,7.7,5,06,2013,791
66.1,2.1,5,06,2013,608
62,10,5,06,2013,690
62.4,10,6,06,2013,596
60.9,7,6,06,2013,631
62.3,4.8,6,06,2013,571
63.4,10,6,06,2013,599
66.2,1.4,6,06,2013,591
65.4,1.9,7,06,2013,423
61.3,8.9,7,06,2013,477
64.9,9.8,7,06,2013,505
61.8,4.6,7,06,2013,487
63.6,6.9,7,06,2013,533
66.7,4.1,1,07,2013,633
68.3,5.6,1,07,2013,591
69.2,6.5,1,07,2013,597
72.6,6.7,1,07,2013,617
76.3,9.3,1,07,2013,581
72.7,5.7,2,07,2013,583
77.4,8.3,2,07,2013,582
67.7,4,2,07,2013,601
71.2,7.8,2,07,2013,584
72.1,3.7,2,07,2013,571
74.9,5.7,3,07,2013,571
71.1,1.9,3,07,2013,614
68.7,2.5,3,07,2013,635
70.6,10,3,07,2013,553
72.9,9.9,3,07,2013,609
67.7,9.7,4,07,2013,507
69.8,1.8,4,07,2013,438
75.6,8.1,4,07,2013,636
71.8,4.9,4,07,2013,550
66.1,6,5,07,2013,617
71.6,6.8,5,07,2013,576
69.4,3.1,5,07,2013,599
73.9,2.8,5,07,2013,697
73,8.1,6,07,2013,516
67.9,3.3,6,07,2013,575
74.5,3.3,6,07,2013,551
69.1,9.6,6,07,2013,516
72.9,4.5,7,07,2013,471
74.4,9,7,07,2013,475
72.8,6.6,7,07,2013,447
69.8,5.7,7,07,2013,485
68.3,10,1,08,2013,521
65.5,9.5,1,08,2013,462
68.2,10,1,08,2013,519
68.1,10,1,08,2013,545
67.8,4.6,2,08,2013,552
71,9.5,2,08,2013,542
66.2,10,2,08,2013,543
68,4.5,2,08,2013,506
64.5,9.9,3,08,2013,508
70.3,7.1,3,08,2013,562
68.4,8.3,3,08,2013,622
66.4,3.9,3,08,2013,482
67.8,10,4,08,2013,549
70.5,3.9,4,08,2013,578
68.9,9.8,4,08,2013,643
67.2,10,4,08,2013,599
65.7,5.8,4,08,2013,572
65,9.9,5,08,2013,599
70.7,9.3,5,08,2013,579
69.7,9.5,5,08,2013,626
70.6,7.8,5,08,2013,636
67.4,10,5,08,2013,678
72.4,6.4,6,08,2013,495
69.4,7,6,08,2013,480
69.3,7.2,6,08,2013,492
66.2,10,6,08,2013,527
67.3,10,6,08,2013,504
64,10,7,08,2013,459
64.8,8.4,7,08,2013,442
69.5,10,7,08,2013,481
69.4,9,7,08,2013,454
59.8,10,1,09,2013,632
70.8,7,1,09,2013,431
59.5,9.8,1,09,2013,605
57.5,10,1,09,2013,661
62.4,10,1,09,2013,570
54.5,10,2,09,2013,615
65.5,10,2,09,2013,629
70.1,2,2,09,2013,551
56.1,10,2,09,2013,627
56.1,10,3,09,2013,571
69.9,6.8,3,09,2013,576
68.5,8.9,3,09,2013,604
55.3,10,3,09,2013,539
62.4,10,4,09,2013,536
67.4,10,4,09,2013,493
70.2,5.3,4,09,2013,695
56.8,10,4,09,2013,516
60.3,10,5,09,2013,524
58.1,10,5,09,2013,553
69.1,6.1,5,09,2013,652
62.6,9.5,5,09,2013,631
59.2,10,6,09,2013,547
63.6,10,6,09,2013,585
63.6,9.9,6,09,2013,546
64.5,10,6,09,2013,519
54.9,10,7,09,2013,506
68,10,7,09,2013,500
70.7,7.5,7,09,2013,480
66.3,8.8,7,09,2013,585
61.2,10,7,09,2013,476
50.7,10,1,10,2013,620
51.5,10,1,10,2013,440
54.4,10,1,10,2013,616
65.7,8.5,1,10,2013,618
47.5,10,2,10,2013,600
61.5,8.7,2,10,2013,574
53.9,10,2,10,2013,615
59.1,10,2,10,2013,540
62.1,10,2,10,2013,616
46.8,10,3,10,2013,558
52.5,9.8,3,10,2013,558
57.5,6.2,3,10,2013,548
56.4,10,3,10,2013,529
64.8,9.3,3,10,2013,647
54.8,9.1,4,10,2013,615
58.4,10,4,10,2013,559
48.4,9.9,4,10,2013,632
59.4,7.9,4,10,2013,574
65.8,10,4,10,2013,590
48,10,5,10,2013,647
60.6,10,5,10,2013,621
62.3,8.8,5,10,2013,680
62.8,9.3,5,10,2013,658
49,10,6,10,2013,626
58.6,10,6,10,2013,556
61.3,9.6,6,10,2013,497
57.3,10,6,10,2013,471
55.1,10,7,10,2013,502
54.3,10,7,10,2013,512
58.3,10,7,10,2013,490
59.1,6.9,7,10,2013,404
27,10,1,11,2013,710
42,10,1,11,2013,658
47.1,10,1,11,2013,456
55.9,5,1,11,2013,611
44.4,10,2,11,2013,867
45.7,8.5,2,11,2013,647
43.5,10,2,11,2013,510
47,9.8,2,11,2013,600
33.5,10,3,11,2013,593
38,10,3,11,2013,607
46.5,10,3,11,2013,635
53.3,5.2,3,11,2013,742
40.1,9.4,4,11,2013,429
42.8,10,4,11,2013,620
57.8,7.1,4,11,2013,646
39,10,4,11,2013,628
47.1,10,5,11,2013,682
62.3,6.3,5,11,2013,710
53,10,5,11,2013,617
46.2,9.4,5,11,2013,702
31.2,10,5,11,2013,437
31.3,10,6,11,2013,479
47.3,9.6,6,11,2013,536
51.2,9.6,6,11,2013,612
41.7,10,6,11,2013,571
57.4,6.4,6,11,2013,551
48.9,6.8,7,11,2013,532
52.5,10,7,11,2013,474
30.5,10,7,11,2013,494
49.4,8.8,7,11,2013,415
32,10,1,12,2013,640
44,7,1,12,2013,549
48.7,3.5,1,12,2013,707
40.8,6.8,1,12,2013,639
42.5,8.8,1,12,2013,476
28.6,9,2,12,2013,703
41.8,10,2,12,2013,553
38.4,8.8,2,12,2013,515
38.8,6.7,2,12,2013,539
28.5,9.4,2,12,2013,465
26.2,9.7,3,12,2013,257
35.4,8.7,3,12,2013,701
31.8,9.9,3,12,2013,605
39.8,9.8,3,12,2013,520
33.3,9.3,4,12,2013,428
39.1,10,4,12,2013,607
43.4,8.3,4,12,2013,573
28.1,10,4,12,2013,648
33.1,10,5,12,2013,476
42.5,8.3,5,12,2013,674
28.1,9.9,5,12,2013,695
50.6,3,5,12,2013,759
26.9,8.1,6,12,2013,690
39.3,9.9,6,12,2013,475
47.6,5.5,6,12,2013,594
39.7,7.8,6,12,2013,567
43.1,9.8,7,12,2013,420
43.2,6.9,7,12,2013,394
40,5.8,7,12,2013,450
34,10,7,12,2013,456
51.9,2.1,7,12,2013,505
38.8,8.8,1,01,2014,511
41,10,1,01,2014,360
46.3,2.5,1,01,2014,518
38.6,9.2,1,01,2014,568
29.2,8.5,2,01,2014,1161
23.9,9.4,2,01,2014,491
45.5,5.2,2,01,2014,559
22.2,10,2,01,2014,504
18.2,10,3,01,2014,616
25,1.9,3,01,2014,498
28.2,10,3,01,2014,399
41.1,6.5,3,01,2014,583
20.3,6.3,3,01,2014,649
16.5,9.7,4,01,2014,612
23.5,10,4,01,2014,561
40.8,4.6,4,01,2014,521
31.1,5.8,4,01,2014,603
22,10,4,01,2014,657
14.8,10,5,01,2014,705
38.6,6.7,5,01,2014,589
33.7,9.9,5,01,2014,560
24.2,0.8,5,01,2014,423
28.8,9.7,5,01,2014,667
38.8,8.7,6,01,2014,448
18.8,9.3,6,01,2014,418
44.8,4.4,6,01,2014,465
32,8.5,6,01,2014,475
26.8,9.4,7,01,2014,465
37.8,9,7,01,2014,320
36.1,10,7,01,2014,380
45.1,5.5,7,01,2014,388
24.3,9.3,1,02,2014,491
28.9,9,1,02,2014,678
36.5,5.3,1,02,2014,960
37.5,9.7,1,02,2014,569
28.2,9,2,02,2014,518
32.5,10,2,02,2014,613
24,10,2,02,2014,636
27,10,2,02,2014,513
25.8,8.9,3,02,2014,511
35,8.9,3,02,2014,552
32.3,6.3,3,02,2014,468
23.7,10,3,02,2014,640
24.7,8.6,4,02,2014,571
37,6.3,4,02,2014,447
39.6,7.1,4,02,2014,556
30.4,8.6,4,02,2014,569
20.3,9.6,5,02,2014,655
40.2,5.7,5,02,2014,792
18.1,9.8,5,02,2014,655
28.1,10,5,02,2014,675
42.2,3.9,5,02,2014,545
35.2,7.3,6,02,2014,516
28.2,10,6,02,2014,424
35.6,10,6,02,2014,507
41.4,7.1,6,02,2014,587
29.8,7.5,7,02,2014,464
42,9.5,7,02,2014,414
30.3,10,7,02,2014,450
39.3,5.5,7,02,2014,417
27.3,5.8,1,03,2014,440
33.5,8.9,1,03,2014,513
37.8,6.1,1,03,2014,559
26.6,10,1,03,2014,519
20.5,9.1,1,03,2014,440
27.4,10,1,03,2014,547
28.5,10,1,03,2014,519
27.7,10,2,03,2014,551
24.8,10,2,03,2014,532
41.3,8.3,2,03,2014,510
18.9,10,2,03,2014,532
26.5,10,2,03,2014,474
21.9,10,2,03,2014,551
43.5,8,2,03,2014,510
27.1,9.3,3,03,2014,491
29.5,9.5,3,03,2014,491
35,10,3,03,2014,525
44,8.8,3,03,2014,515
31,10,3,03,2014,525
29.3,4,3,03,2014,563
30.8,4.7,3,03,2014,563
43.4,7.2,3,03,2014,515
32.2,3.9,4,03,2014,545
26.3,9.1,4,03,2014,558
28.4,10,4,03,2014,538
41.7,6.3,4,03,2014,627
24.2,8.7,4,03,2014,558
31.7,5,4,03,2014,545
26.6,10,4,03,2014,538
43.8,7.4,4,03,2014,627
22.9,10,5,03,2014,585
29.4,10,5,03,2014,533
25.4,10,5,03,2014,585
44.3,9.3,5,03,2014,530
41.2,8.9,5,03,2014,530
39.3,9.6,5,03,2014,589
19.8,10,6,03,2014,497
24.1,10,6,03,2014,497
38.1,9.7,6,03,2014,493
41.3,8.8,6,03,2014,519
44.9,4.5,6,03,2014,569
43.4,9.4,6,03,2014,519
44.4,5.1,6,03,2014,569
40.3,8.9,6,03,2014,515
35.2,10,7,03,2014,404
33.5,9.8,7,03,2014,344
46.9,2.6,7,03,2014,437
46.3,1.7,7,03,2014,437
34.9,10,7,03,2014,412
35.1,9.1,7,03,2014,344
35.3,10,7,03,2014,412
38.9,10,7,03,2014,427
43.4,10,1,04,2014,533
43.1,10,1,04,2014,521
52.2,7,1,04,2014,514
46.5,10,1,04,2014,597
44.9,10,1,04,2014,597
42,10,1,04,2014,533
49.5,10,2,04,2014,459
44.4,9.8,2,04,2014,555
49.4,3.1,2,04,2014,606
52.6,6.6,2,04,2014,452
37.1,9.3,2,04,2014,549
44.2,10,2,04,2014,555
47.7,1.9,2,04,2014,606
38.1,9.8,2,04,2014,549
39.3,10,3,04,2014,519
42.6,9.1,3,04,2014,651
43.5,9.8,3,04,2014,651
49.5,9.2,3,04,2014,536
43.3,10,3,04,2014,519
46.8,9.6,3,04,2014,595
42.9,7.9,3,04,2014,570
41.6,9.9,4,04,2014,645
37.5,10,4,04,2014,508
39.3,8.6,4,04,2014,592
49.6,10,4,04,2014,586
40.9,10,4,04,2014,592
39.4,10,5,04,2014,622
49,10,5,04,2014,617
49.4,10,5,04,2014,617
48,8.8,5,04,2014,609
40,10,5,04,2014,622
40.4,9.9,5,04,2014,496
45.7,10,6,04,2014,525
44.8,7.7,6,04,2014,580
50.1,8.5,6,04,2014,578
45,7.1,6,04,2014,580
44.9,9.4,6,04,2014,548
45.1,8.3,6,04,2014,548
44.2,10,7,04,2014,393
42.4,9.9,7,04,2014,449
47,9.3,7,04,2014,482
41.2,10,7,04,2014,484
41.1,10,7,04,2014,484
53.7,10,1,05,2014,618
63.3,10,1,05,2014,581
57.8,9.8,1,05,2014,581
56.9,10,1,05,2014,572
53.2,9.8,1,05,2014,618
56.7,9.6,1,05,2014,433
61.1,9.5,2,05,2014,645
53.4,10,2,05,2014,560
52.2,9.6,2,05,2014,565
51.8,10,2,05,2014,560
51.1,10,2,05,2014,565
56.4,9.9,2,05,2014,650
51.6,10,3,05,2014,603
57.7,10,3,05,2014,603
51.2,10,3,05,2014,638
56.3,10,3,05,2014,575
51.1,2.6,3,05,2014,538
51.9,10,3,05,2014,638
50.3,8.6,4,05,2014,593
52,9.6,4,05,2014,596
52,10,4,05,2014,663
51.5,3,4,05,2014,650
53,10,4,05,2014,596
50.3,3.2,4,05,2014,650
57.8,10,4,05,2014,659
54.9,10,5,05,2014,660
58.3,9.1,5,05,2014,700
49.7,10,5,05,2014,650
54,6.1,5,05,2014,698
51.9,6.4,5,05,2014,698
53.9,9.1,5,05,2014,584
51.5,8.7,5,05,2014,584
49.2,9.9,5,05,2014,650
53.9,10,6,05,2014,587
50.9,9.1,6,05,2014,590
60.9,8.9,6,05,2014,549
54.8,7.1,6,05,2014,549
58.6,10,6,05,2014,587
54.6,10,6,05,2014,486
57.7,5.8,6,05,2014,619
54,9.5,6,05,2014,590
53.7,10,7,05,2014,472
56.5,9.8,7,05,2014,507
51.4,9.8,7,05,2014,451
62.1,9.3,7,05,2014,584
54.4,9.8,7,05,2014,451
58.3,8.6,7,05,2014,584
57.4,10,1,06,2014,643
62.1,10,1,06,2014,644
67.3,10,1,06,2014,610
61.2,7.1,1,06,2014,528
67,10,1,06,2014,528
65.2,10,1,06,2014,622
63.8,8.7,2,06,2014,569
58.2,10,2,06,2014,663
62.5,10,2,06,2014,666
61.3,10,2,06,2014,663
66.6,9.6,2,06,2014,569
60,10,2,06,2014,632
61.2,9.3,3,06,2014,576
71.6,6.4,3,06,2014,663
66.8,9.9,3,06,2014,646
55.2,7.6,3,06,2014,582
57.1,9.6,3,06,2014,582
60,5.8,4,06,2014,569
58.8,4,4,06,2014,569
61,10,4,06,2014,563
67.3,9.7,4,06,2014,675
66.7,3.5,4,06,2014,670
64.6,9.8,5,06,2014,765
63.9,9.8,5,06,2014,660
61.7,4,5,06,2014,708
61.3,9.8,5,06,2014,743
62.4,9.3,5,06,2014,743
59.9,10,6,06,2014,557
62.2,9.5,6,06,2014,611
65.6,9.9,6,06,2014,623
66.7,10,6,06,2014,623
66.5,4.8,6,06,2014,613
63.2,9.9,7,06,2014,477
64.7,9.5,7,06,2014,537
64.9,9.8,7,06,2014,516
66.1,10,7,06,2014,475
58.4,10,7,06,2014,604
69.5,10,7,06,2014,516
69.7,7.4,1,07,2014,567
68.6,9.4,1,07,2014,614
69.4,4.8,1,07,2014,595
65.9,6,1,07,2014,557
68.6,9.8,2,07,2014,616
71.4,5.8,2,07,2014,587
68.9,9.6,2,07,2014,526
69.5,6.2,2,07,2014,594
67.1,5.9,2,07,2014,587
70.4,6,3,07,2014,551
67.3,9.3,3,07,2014,605
69.4,5.1,3,07,2014,569
69,7.2,3,07,2014,658
69.2,9.9,3,07,2014,591
67.7,9.6,4,07,2014,626
69.1,1.8,4,07,2014,740
69.6,6.4,4,07,2014,539
69.4,5.4,4,07,2014,584
70.4,7.7,4,07,2014,587
69.1,6.5,5,07,2014,642
67.4,10,5,07,2014,653
69.6,9.6,5,07,2014,624
69.9,3.9,5,07,2014,360
66.9,9.8,6,07,2014,534
65,10,6,07,2014,480
65.7,9.9,6,07,2014,550
67,8.4,6,07,2014,505
65.2,9.1,7,07,2014,451
68.7,9.8,7,07,2014,439
68.2,10,7,07,2014,451
68.6,9.9,7,07,2014,476
63.3,10,1,08,2014,549
68.2,6,1,08,2014,589
66.3,7.8,1,08,2014,604
67.9,9.8,1,08,2014,595
63.9,8.8,2,08,2014,516
67.2,10,2,08,2014,491
69.2,3.7,2,08,2014,606
63,10,2,08,2014,608
63.8,9.9,3,08,2014,551
70.1,4.4,3,08,2014,562
66.6,8.4,3,08,2014,572
67.5,6.5,3,08,2014,538
67.1,10,4,08,2014,567
71,6.8,4,08,2014,618
67.8,9.1,4,08,2014,625
69.3,9.2,4,08,2014,585
66.3,10,5,08,2014,601
67.2,10,5,08,2014,631
67.5,9,5,08,2014,667
66.8,10,5,08,2014,522
63.9,7.9,5,08,2014,568
60.1,10,6,08,2014,510
66.3,9.7,6,08,2014,490
64.3,8.8,6,08,2014,540
65.6,9.8,6,08,2014,454
70.4,9.9,6,08,2014,538
69.1,9.4,7,08,2014,495
63.9,10,7,08,2014,437
68.3,8.3,7,08,2014,476
66.4,6,7,08,2014,476
69.1,9.8,7,08,2014,512
67.9,8.2,1,09,2014,662
71.5,6.8,1,09,2014,392
57.5,10,1,09,2014,610
63.6,10,1,09,2014,598
65.9,9.2,1,09,2014,566
71.1,1.7,2,09,2014,700
61.2,10,2,09,2014,613
64.6,10,2,09,2014,592
63.3,6.7,2,09,2014,589
59,10,2,09,2014,592
58.9,10,3,09,2014,566
74,8.1,3,09,2014,580
66.2,10,3,09,2014,618
61.9,9.8,3,09,2014,658
61.1,10,4,09,2014,650
64.4,9.7,4,09,2014,619
69.4,9.9,4,09,2014,727
59.7,8.6,4,09,2014,491
57.2,10,5,09,2014,648
67.1,9.7,5,09,2014,730
70.3,8.7,5,09,2014,647
63.1,7.9,5,09,2014,643
59.9,9.6,6,09,2014,558
72,6.9,6,09,2014,553
57,10,6,09,2014,594
63.5,9.9,6,09,2014,600
62.2,10,7,09,2014,528
66.1,8.1,7,09,2014,515
70.1,9,7,09,2014,477
63.3,9.9,7,09,2014,512
50.9,10,1,10,2014,451
49,10,1,10,2014,591
55.7,10,1,10,2014,639
54.1,10,1,10,2014,642
63,10,2,10,2014,620
63.2,10,2,10,2014,697
54.3,9.9,2,10,2014,571
57.7,9.3,2,10,2014,607
64.9,9.9,3,10,2014,575
61.9,8,3,10,2014,556
62.4,7.1,3,10,2014,559
57,6.1,3,10,2014,708
65.2,9.4,3,10,2014,639
60.8,9.7,4,10,2014,499
59.9,9.4,4,10,2014,558
65,6.6,4,10,2014,602
56.1,9.4,4,10,2014,626
59.5,8.7,4,10,2014,639
58.5,9.2,5,10,2014,719
59,10,5,10,2014,541
51.3,10,5,10,2014,668
63.2,7.9,5,10,2014,648
54.3,7.6,5,10,2014,669
52.9,8.1,6,10,2014,546
54.7,10,6,10,2014,515
59.4,6.8,6,10,2014,531
62.7,9,6,10,2014,494
57.6,10,7,10,2014,515
53.3,10,7,10,2014,473
59.6,9.6,7,10,2014,505
56,10,7,10,2014,483
44.6,10,1,11,2014,625
48.2,9.6,1,11,2014,560
52.1,6.5,1,11,2014,666
54.8,4.5,1,11,2014,722
48.9,7.8,2,11,2014,712
56.7,3.6,2,11,2014,599
51,9.5,2,11,2014,493
52.7,10,2,11,2014,538
33.6,10,3,11,2014,633
57.7,9.3,3,11,2014,554
56.5,6,3,11,2014,546
48,6.7,3,11,2014,742
53.6,9.4,4,11,2014,652
49.8,8.6,4,11,2014,696
41.8,8.6,4,11,2014,378
45.7,9.8,4,11,2014,635
36.8,10,5,11,2014,677
37,9.3,5,11,2014,444
52.5,7.9,5,11,2014,641
43.7,9.7,5,11,2014,654
30.9,10,6,11,2014,394
37.1,10,6,11,2014,512
37,10,6,11,2014,529
43.9,10,6,11,2014,543
53,8.8,6,11,2014,656
38.1,10,7,11,2014,429
52.6,8.9,7,11,2014,425
53.2,10,7,11,2014,419
43.5,6.3,7,11,2014,532
46.1,9.9,7,11,2014,377
37.8,9.9,1,12,2014,720
35.4,10,1,12,2014,579
41.2,9.9,1,12,2014,411
42.9,9.7,1,12,2014,566
53.2,7.4,1,12,2014,644
32.1,10,2,12,2014,469
48.7,5.8,2,12,2014,645
47.4,6.6,2,12,2014,732
42.5,9.9,2,12,2014,611
44,9.6,2,12,2014,645
51.2,6.1,3,12,2014,569
48.6,8,3,12,2014,555
50.7,2.1,3,12,2014,519
26.9,9.9,3,12,2014,461
47.9,8.4,3,12,2014,649
43.1,9.9,4,12,2014,606
42.4,10,4,12,2014,621
53.1,4.1,4,12,2014,303
40.8,9.5,4,12,2014,669
39.3,9.8,5,12,2014,673
37.3,10,5,12,2014,652
44.8,10,5,12,2014,446
37,10,5,12,2014,687
48.9,6.8,6,12,2014,628
38.2,10,6,12,2014,505
43.7,10,6,12,2014,406
36.9,9.9,6,12,2014,594
41.4,9.8,7,12,2014,409
39,10,7,12,2014,439
47,9.5,7,12,2014,349
41.9,8,7,12,2014,493
40.9,7.7,1,01,2015,580
44,7.6,1,01,2015,498
41.7,8.2,1,01,2015,496
31.2,6.7,1,01,2015,484
20.8,8.8,2,01,2015,777
30.2,0.6,2,01,2015,188
32.6,8.4,2,01,2015,613
35.7,10,2,01,2015,500
21.6,6.6,3,01,2015,458
32.3,10,3,01,2015,495
22.6,9.4,3,01,2015,538
32.1,8,3,01,2015,506
29.2,10,4,01,2015,519
35.5,8.4,4,01,2015,508
35.8,2.8,4,01,2015,548
13.1,9.9,4,01,2015,573
31.8,9.9,4,01,2015,395
35.1,8.4,5,01,2015,622
31.6,10,5,01,2015,598
40.4,10,5,01,2015,442
34.5,10,5,01,2015,563
35.2,9.5,5,01,2015,751
38.5,6.7,6,01,2015,428
34.5,9.5,6,01,2015,456
20.2,10,6,01,2015,495
26.9,10,6,01,2015,481
24.5,7.8,6,01,2015,526
40,9.2,7,01,2015,961
48.6,1.9,7,01,2015,381
27.1,10,7,01,2015,341
36.5,9.4,7,01,2015,406
29.4,6,1,02,2015,574
10.7,8.6,1,02,2015,402
33.1,5.7,1,02,2015,680
37.1,6.3,1,02,2015,547
21,9.3,2,02,2015,740
14.3,10,2,02,2015,580
21.7,6.5,2,02,2015,620
36.4,7.4,2,02,2015,571
28.1,10,3,02,2015,585
30.6,10,3,02,2015,626
29.9,7.9,3,02,2015,628
32.6,9.9,3,02,2015,610
28,7.5,4,02,2015,539
31,8.9,4,02,2015,526
34.1,7.2,4,02,2015,569
27,6.9,4,02,2015,515
21.8,8.1,5,02,2015,757
14.1,9.5,5,02,2015,621
24.2,10,5,02,2015,703
16.8,9.8,5,02,2015,652
22.2,10,6,02,2015,538
21.9,10,6,02,2015,517
20.6,8.6,6,02,2015,436
27.4,9.5,6,02,2015,449
25.7,4.6,7,02,2015,454
34.5,7.6,7,02,2015,394
24.8,10,7,02,2015,361
36,2.6,7,02,2015,519
27.2,10,1,03,2015,586
36.8,9.8,1,03,2015,556
32.9,9,1,03,2015,529
33.4,6.8,1,03,2015,650
35.6,9.6,1,03,2015,661
31.4,10,2,03,2015,601
27,10,2,03,2015,631
38.6,7.9,2,03,2015,528
36.5,9.9,2,03,2015,584
39.4,9.8,2,03,2015,628
36.1,3.1,3,03,2015,574
31,10,3,03,2015,547
42.1,5,3,03,2015,565
33.6,9.9,3,03,2015,538
42.6,4.2,4,03,2015,525
27.6,10,4,03,2015,582
32.7,1.6,4,03,2015,830
38.1,10,4,03,2015,586
22.7,8.3,5,03,2015,939
42.4,5.1,5,03,2015,532
30.3,9,5,03,2015,570
31.1,10,5,03,2015,609
25,9.9,6,03,2015,578
34.2,7,6,03,2015,507
37.4,7.8,6,03,2015,459
38.7,5.8,6,03,2015,507
23.1,9.1,7,03,2015,693
33.8,9.2,7,03,2015,464
35.1,9.4,7,03,2015,432
34.9,9.5,7,03,2015,505
38.5,7,7,03,2015,459
45,10,1,04,2015,554
43.2,9.5,1,04,2015,510
49,10,1,04,2015,558
45.2,8.5,1,04,2015,630
44.2,8.6,2,04,2015,452
46,9.8,2,04,2015,613
49.8,8.9,2,04,2015,542
51.5,3.6,2,04,2015,645
37.9,9.8,3,04,2015,648
41.2,10,3,04,2015,457
50.6,8.3,3,04,2015,595
49.8,10,3,04,2015,568
49.3,9.8,3,04,2015,679
39.4,4.5,4,04,2015,452
48.1,10,4,04,2015,640
46.9,9.8,4,04,2015,612
46.4,10,4,04,2015,560
37.1,9.9,4,04,2015,653
43.9,3.6,5,04,2015,486
47.5,6.9,5,04,2015,679
44,10,5,04,2015,676
45,5.9,5,04,2015,491
43.7,9.9,6,04,2015,592
47.3,4.8,6,04,2015,507
51.9,7.3,6,04,2015,605
47.8,5.1,6,04,2015,576
45,10,7,04,2015,443
41.6,10,7,04,2015,422
46.1,9.8,7,04,2015,477
46.3,9.9,7,04,2015,471
52.2,9.9,1,05,2015,641
53.9,5.7,1,05,2015,566
57.9,0.8,1,05,2015,645
58.9,10,1,05,2015,420
57.1,9.8,2,05,2015,638
51.4,2.3,2,05,2015,606
61.1,9.8,2,05,2015,686
58.3,0.9,2,05,2015,684
58.8,6.1,3,05,2015,666
55.3,9.7,3,05,2015,568
62.4,8.5,3,05,2015,697
59.5,8.7,3,05,2015,655
54.8,10,4,05,2015,615
54,10,4,05,2015,654
62.4,9.2,4,05,2015,682
55.9,9.8,4,05,2015,684
53.8,9.1,5,05,2015,727
43.8,9.6,5,05,2015,642
54.4,10,5,05,2015,723
52.4,7.1,5,05,2015,709
65.4,9.2,5,05,2015,813
55.5,9.9,6,05,2015,650
54.8,10,6,05,2015,546
44.4,10,6,05,2015,540
54.3,4.4,6,05,2015,560
63.3,4.2,6,05,2015,622
44.5,9.9,7,05,2015,555
63.1,9.4,7,05,2015,543
57,0.8,7,05,2015,549
64.7,7.1,7,05,2015,555
56.5,10,7,05,2015,432
57.8,8,1,06,2015,506
64.3,7.4,1,06,2015,662
67.1,6.2,1,06,2015,774
59.6,10,1,06,2015,634
55.9,4.9,1,06,2015,691
67.1,9.3,2,06,2015,622
65.5,7.8,2,06,2015,703
64.2,3.6,2,06,2015,593
53.4,6.6,2,06,2015,642
64,7.9,2,06,2015,652
53,10,3,06,2015,658
64.8,8.4,3,06,2015,706
70.8,8.2,3,06,2015,778
65.2,6.4,3,06,2015,667
52.2,10,4,06,2015,552
59.1,10,4,06,2015,615
64.6,9.1,4,06,2015,666
68.7,10,4,06,2015,670
53.1,10,5,06,2015,692
67,5.9,5,06,2015,451
66,9.9,5,06,2015,774
65.6,10,5,06,2015,732
61.5,9.2,6,06,2015,595
68,6,6,06,2015,395
58,8.4,6,06,2015,598
62,10,6,06,2015,505
64.4,4.3,7,06,2015,535
66.9,10,7,06,2015,578
64.9,6.2,7,06,2015,620
59.5,10,7,06,2015,559
69.2,8.8,1,07,2015,598
71.1,9.9,1,07,2015,626
70.9,8.3,1,07,2015,668
73.4,4.1,1,07,2015,727
72.4,9,2,07,2015,643
72.6,3.6,2,07,2015,606
68.1,7.4,2,07,2015,646
67.4,9.8,2,07,2015,657
76,5.4,3,07,2015,629
73.7,7.8,3,07,2015,618
65.5,6.5,3,07,2015,683
72.3,6.8,3,07,2015,611
70.6,3.8,3,07,2015,620
68.7,7.1,4,07,2015,603
71.9,10,4,07,2015,623
69.1,8.5,4,07,2015,567
74.2,6.2,4,07,2015,717
67.3,9.2,4,07,2015,686
64.9,10,5,07,2015,659
68.3,7.6,5,07,2015,549
76.7,8.5,5,07,2015,753
65.2,8.7,5,07,2015,709
71.7,10,5,07,2015,490
67.8,10,6,07,2015,561
62.9,8,6,07,2015,389
71.8,10,6,07,2015,597
68.5,9.7,6,07,2015,451
71.4,6.9,7,07,2015,545
65.8,9.3,7,07,2015,467
71.5,9.7,7,07,2015,521
65.8,8.8,7,07,2015,551
71.7,3.8,1,08,2015,575
74.1,7.6,1,08,2015,592
66.9,9.3,1,08,2015,611
74,9.1,1,08,2015,705
74.8,9,1,08,2015,614
74.5,8.8,2,08,2015,623
75,6.1,2,08,2015,666
67.9,7.5,2,08,2015,601
72.8,9.7,2,08,2015,595
71.9,7.2,3,08,2015,643
73.8,9.2,3,08,2015,606
74.5,7.6,3,08,2015,619
73.9,6.3,3,08,2015,594
73.4,6.4,4,08,2015,600
71.1,8.4,4,08,2015,714
73.5,10,4,08,2015,630
72.3,10,4,08,2015,614
71.2,10,5,08,2015,726
73.6,7.1,5,08,2015,753
71.4,10,5,08,2015,609
70.4,8.6,5,08,2015,729
69.7,10,6,08,2015,545
73.4,8.9,6,08,2015,668
73.9,4.8,6,08,2015,581
70.3,10,6,08,2015,539
71.8,8.2,6,08,2015,582
67,9.2,7,08,2015,489
72.6,10,7,08,2015,563
75.9,9,7,08,2015,550
74.3,9.5,7,08,2015,552
73.4,4.7,7,08,2015,492
66.8,9.7,1,09,2015,586
73,10,1,09,2015,485
63.9,10,1,09,2015,624
67.6,10,1,09,2015,579
70.8,10,2,09,2015,579
69.3,8.5,2,09,2015,557
76.4,9.1,2,09,2015,795
74.6,9.4,2,09,2015,626
63.5,10,2,09,2015,571
72.8,10,3,09,2015,748
62.4,10,3,09,2015,501
66,9.7,3,09,2015,654
70.5,4.1,3,09,2015,634
75.8,7.6,3,09,2015,740
61.5,10,4,09,2015,619
69.3,7.8,4,09,2015,744
74.5,7.5,4,09,2015,665
73.8,5.6,4,09,2015,716
61.2,10,5,09,2015,585
70.6,6.8,5,09,2015,643
68.6,9.5,5,09,2015,765
70.1,7.9,5,09,2015,760
59.4,10,6,09,2015,557
66.8,10,6,09,2015,541
67.7,9.9,6,09,2015,554
70.4,6.6,6,09,2015,655
59.4,10,7,09,2015,493
66.6,10,7,09,2015,504
70.7,7.5,7,09,2015,556
68.2,8.8,7,09,2015,478
60.2,9.7,1,10,2015,505
52.3,10,1,10,2015,698
42.8,10,1,10,2015,667
58.6,10,1,10,2015,597
46.7,10,2,10,2015,631
64.4,6.5,2,10,2015,724
58.2,9.7,2,10,2015,714
59.4,10,2,10,2015,631
53.8,9.3,3,10,2015,689
62.7,9.9,3,10,2015,720
57,10,3,10,2015,668
63.8,9,3,10,2015,658
60.5,8.8,4,10,2015,666
57.1,10,4,10,2015,683
59.7,8.1,4,10,2015,683
63.2,3.5,4,10,2015,767
59.8,10,4,10,2015,666
58.9,9.8,5,10,2015,764
60.1,9.8,5,10,2015,676
56,4.1,5,10,2015,798
56.2,10,5,10,2015,742
57.4,10,5,10,2015,688
59.2,9,6,10,2015,649
51.5,10,6,10,2015,519
52.7,10,6,10,2015,565
48.9,10,6,10,2015,357
55.5,7.9,6,10,2015,556
46.1,10,7,10,2015,551
57,9.7,7,10,2015,522
56,10,7,10,2015,559
56.2,10,7,10,2015,536
58.3,9.5,1,11,2015,613
54,10,1,11,2015,618
51.4,10,1,11,2015,615
45.2,8.5,1,11,2015,704
40.5,10,1,11,2015,611
54.4,8.2,2,11,2015,655
55.8,9.3,2,11,2015,757
45.3,10,2,11,2015,684
37.5,10,2,11,2015,733
56.1,4,3,11,2015,530
57,9.7,3,11,2015,672
39.6,10,3,11,2015,717
42.9,10,3,11,2015,628
58.9,9.1,4,11,2015,690
50.1,10,4,11,2015,383
50.4,10,4,11,2015,797
52.5,7.3,4,11,2015,637
62.3,4.3,5,11,2015,616
52.6,9.8,5,11,2015,480
57,7.2,5,11,2015,819
58.3,9.8,5,11,2015,677
49,10,6,11,2015,613
54.5,9.1,6,11,2015,508
61.4,6.9,6,11,2015,500
48.8,10,6,11,2015,597
57,9.9,7,11,2015,312
50.1,8.1,7,11,2015,431
47.6,10,7,11,2015,500
53.2,10,7,11,2015,472
46.1,9.6,7,11,2015,453
50.8,8,1,12,2015,668
49.5,9.4,1,12,2015,612
52.6,6.7,1,12,2015,637
40.9,9.3,1,12,2015,490
40.1,9.3,2,12,2015,746
58,5.9,2,12,2015,755
54.8,4.4,2,12,2015,699
47.4,7.8,2,12,2015,618
42.8,6.1,2,12,2015,533
43.7,10,3,12,2015,575
44.8,9.4,3,12,2015,501
53.5,3.9,3,12,2015,805
46.5,10,3,12,2015,673
53.6,2.3,3,12,2015,655
51.1,9,4,12,2015,668
57.7,2.1,4,12,2015,603
46.5,9.5,4,12,2015,527
53.5,6.4,4,12,2015,623
48.9,8.8,4,12,2015,745
52.2,6.1,5,12,2015,694
56.1,4,5,12,2015,321
54.2,2.4,5,12,2015,767
45.6,10,5,12,2015,680
51.4,8.9,6,12,2015,395
42.1,10,6,12,2015,624
55,8.1,6,12,2015,578
45.6,10,6,12,2015,629
38.5,10,7,12,2015,500
45.4,8.5,7,12,2015,485
52.9,4.5,7,12,2015,518
53.6,8.1,7,12,2015,549
33.5,10,1,01,2016,658
38.2,10,1,01,2016,601
34.4,8.8,1,01,2016,481
43.2,8.4,1,01,2016,680
33,10,2,01,2016,637
25.5,10,2,01,2016,662
42.2,9.1,2,01,2016,734
27.7,7.9,2,01,2016,640
33.5,10,3,01,2016,625
43,7.5,3,01,2016,670
32.9,9.6,3,01,2016,605
29.4,10,3,01,2016,623
35,10,4,01,2016,681
30.9,10,4,01,2016,666
28.9,8.1,4,01,2016,597
40.5,10,4,01,2016,542
41.3,10,5,01,2016,645
41.2,9.8,5,01,2016,393
28,10,5,01,2016,702
41.3,9.9,5,01,2016,602
36.5,10,5,01,2016,722
37.7,10,6,01,2016,422
37.8,10,6,01,2016,596
45.7,7.3,6,01,2016,563
34.6,6.1,6,01,2016,402
45.9,10,6,01,2016,554
44.4,10,7,01,2016,432
45,8.6,7,01,2016,532
40.2,9.2,7,01,2016,451
51.3,4.9,7,01,2016,462
34.5,6.3,7,01,2016,517
36.4,3.8,1,02,2016,501
41.8,10,1,02,2016,615
47.6,6.9,1,02,2016,716
18.6,9.3,1,02,2016,291
47.8,7.2,1,02,2016,616
43.2,10,2,02,2016,711
44.5,4.8,2,02,2016,615
36.5,10,2,02,2016,623
33.1,8.1,2,02,2016,571
33.5,9.1,3,02,2016,537
46.9,6,3,02,2016,660
42.6,9.5,3,02,2016,579
41.5,6.2,3,02,2016,525
31.5,9.5,4,02,2016,622
36,10,4,02,2016,592
51,4.2,4,02,2016,663
51.6,3.1,4,02,2016,609
40.8,3.5,5,02,2016,607
34.7,10,5,02,2016,532
19.3,10,5,02,2016,628
40.2,9.5,5,02,2016,476
30.7,10,6,02,2016,388
32.3,9.9,6,02,2016,553
42.8,8.8,6,02,2016,555
23.5,7.4,6,02,2016,480
5.8,8.5,7,02,2016,309
42.8,10,7,02,2016,509
38.7,10,7,02,2016,423
46.8,8.4,7,02,2016,481
36.8,9.9,1,03,2016,571
37.4,7.3,1,03,2016,617
45.1,5.9,1,03,2016,658
43.8,9.5,1,03,2016,640
43.2,9.3,2,03,2016,662
48.3,3.4,2,03,2016,608
48.6,9.7,2,03,2016,683
44.4,8.8,2,03,2016,632
40.8,10,2,03,2016,628
45.7,6.8,3,03,2016,653
48.6,8.5,3,03,2016,621
45.2,7.7,3,03,2016,629
43.4,10,3,03,2016,650
46.4,8,3,03,2016,660
29.9,10,4,03,2016,625
49.6,7.6,4,03,2016,629
51,8.7,4,03,2016,652
45.4,5.9,4,03,2016,612
45.1,9.6,4,03,2016,635
33.9,6.9,5,03,2016,685
47,9.9,5,03,2016,644
46.8,7.6,5,03,2016,672
50.8,2.7,5,03,2016,546
34.8,9.1,6,03,2016,601
44.8,9.3,6,03,2016,530
41.2,8.8,6,03,2016,625
40,10,6,03,2016,540
33.2,10,7,03,2016,500
37.2,10,7,03,2016,479
40,9.8,7,03,2016,459
50.1,10,7,03,2016,435
48.4,10,1,04,2016,488
49.5,10,1,04,2016,687
36.5,8.2,1,04,2016,683
47.8,9.9,1,04,2016,624
46.9,9.8,2,04,2016,732
46.8,9,2,04,2016,479
35.1,9.8,2,04,2016,672
52.5,6.4,2,04,2016,638
45,10,3,04,2016,510
47.3,10,3,04,2016,697
46.7,9.8,3,04,2016,700
37,10,3,04,2016,628
50.9,7.6,4,04,2016,630
49.6,10,4,04,2016,694
47.7,10,4,04,2016,489
44,10,4,04,2016,674
54.8,2.2,5,04,2016,702
46.4,10,5,04,2016,733
46.1,10,5,04,2016,517
55.4,8.7,5,04,2016,741
49.7,7.3,5,04,2016,696
50.4,5,6,04,2016,597
53.4,5.6,6,04,2016,649
47.3,10,6,04,2016,581
44.3,10,6,04,2016,679
41.8,10,6,04,2016,557
45.8,10,7,04,2016,568
49.1,10,7,04,2016,448
41.7,8.3,7,04,2016,585
40.6,10,7,04,2016,499
50.8,10,1,05,2016,742
59.4,10,1,05,2016,652
51.3,4.9,1,05,2016,589
54,10,1,05,2016,646
62.4,2,1,05,2016,471
55,10,2,05,2016,624
48.2,8.2,2,05,2016,711
51.9,10,2,05,2016,608
62.8,4.9,2,05,2016,760
54.6,4.4,2,05,2016,695
55.5,10,3,05,2016,676
47.3,7.9,3,05,2016,653
55.6,10,3,05,2016,699
57.9,7.7,3,05,2016,733
65.7,9.7,4,05,2016,742
53.9,10,4,05,2016,694
45.5,5.9,4,05,2016,626
55.2,9.4,4,05,2016,744
56.4,10,5,05,2016,782
60,6.5,5,05,2016,767
55.5,6.6,5,05,2016,766
48.5,9.4,5,05,2016,728
55.7,9.7,6,05,2016,568
59.4,6.9,6,05,2016,589
62.5,9.2,6,05,2016,627
52.5,5.1,6,05,2016,571
55.7,8.9,7,05,2016,510
45.2,9.7,7,05,2016,484
48.5,2.9,7,05,2016,591
64.6,10,7,05,2016,566
56.3,9,7,05,2016,571
64.3,10,1,06,2016,718
61.4,10,1,06,2016,745
61.5,10,1,06,2016,646
62.9,3.9,1,06,2016,758
62.2,10,2,06,2016,717
63.6,7.4,2,06,2016,681
61.2,3.8,2,06,2016,709
66.1,7.5,2,06,2016,675
67.2,7.2,3,06,2016,687
63.7,10,3,06,2016,739
64,7.6,3,06,2016,772
65.6,7.2,3,06,2016,751
61.7,8.4,3,06,2016,763
55.7,6.8,4,06,2016,683
59.9,10,4,06,2016,686
65.2,10,4,06,2016,689
68.9,5.9,4,06,2016,761
63,8.3,4,06,2016,643
58.4,7.8,5,06,2016,710
65.3,8.8,5,06,2016,811
63,10,5,06,2016,748
59.2,10,5,06,2016,818
60.2,4.2,6,06,2016,635
62.6,10,6,06,2016,700
58.1,9.8,6,06,2016,584
62.1,10,6,06,2016,688
60.8,10,7,06,2016,582
58.4,3.4,7,06,2016,466
66,7.3,7,06,2016,587
59.9,10,7,06,2016,559
63.1,9.9,1,07,2016,618
71.1,4.1,1,07,2016,725
68.4,9.9,1,07,2016,488
71.5,9.9,1,07,2016,698
67.1,6.2,2,07,2016,663
75.3,9,2,07,2016,688
66.7,10,2,07,2016,662
73.8,8.3,2,07,2016,699
71.8,8.6,3,07,2016,680
75.4,10,3,07,2016,690
67.2,10,3,07,2016,607
68.3,10,3,07,2016,698
69.1,9.3,4,07,2016,741
68.7,4.1,4,07,2016,603
72.2,9.7,4,07,2016,709
70.4,10,4,07,2016,731
72.4,9,5,07,2016,769
66.9,7.8,5,07,2016,752
70.7,5.2,5,07,2016,798
65.7,3.2,5,07,2016,612
70.8,6,5,07,2016,774
74.3,7.3,6,07,2016,650
61.7,6.5,6,07,2016,498
69.4,7.2,6,07,2016,570
70.8,9,6,07,2016,599
73.5,7,6,07,2016,623
63,6.8,7,07,2016,508
67.2,10,7,07,2016,448
67.5,6.7,7,07,2016,529
73.2,10,7,07,2016,566
70.6,4.1,7,07,2016,574
68.2,9.3,1,08,2016,569
73.8,6.7,1,08,2016,669
77.5,8.8,1,08,2016,643
72.5,9.8,1,08,2016,673
71.3,10,1,08,2016,632
69,10,2,08,2016,637
67.7,10,2,08,2016,622
66.9,9.7,2,08,2016,602
73.1,10,2,08,2016,644
71.5,10,2,08,2016,650
70.6,9.9,3,08,2016,618
70.4,10,3,08,2016,661
67.4,10,3,08,2016,687
70.1,10,3,08,2016,635
76.5,8.4,3,08,2016,658
71.7,10,4,08,2016,659
64.2,10,4,08,2016,715
71.5,9.9,4,08,2016,635
73.6,4.7,4,08,2016,672
73.4,9.7,5,08,2016,756
65.3,9.3,5,08,2016,700
74.3,4.5,5,08,2016,729
74.4,10,5,08,2016,707
71.3,9.8,6,08,2016,578
69.1,10,6,08,2016,579
75.9,5.4,6,08,2016,614
74.4,7.7,6,08,2016,624
68.3,9.6,7,08,2016,512
75.3,4.6,7,08,2016,521
67.7,8.7,7,08,2016,559
74.2,8.1,7,08,2016,540
71,7.6,1,09,2016,680
64,7,1,09,2016,419
65.1,10,1,09,2016,648
55.2,10,1,09,2016,623
71.1,8.7,2,09,2016,619
64.1,10,2,09,2016,779
65.4,7.1,2,09,2016,659
69.9,7.9,2,09,2016,626
68.4,10,3,09,2016,779
70.3,8.4,3,09,2016,648
63.1,5.7,3,09,2016,637
70,5.3,3,09,2016,621
68.5,6.3,4,09,2016,717
67.2,10,4,09,2016,660
60,9.3,4,09,2016,624
71.5,9.7,4,09,2016,675
64.5,10,4,09,2016,757
57.7,10,5,09,2016,780
71.4,5.9,5,09,2016,715
66.3,9.5,5,09,2016,812
60.1,7.8,5,09,2016,872
69.2,9.4,5,09,2016,697
62.6,9.7,6,09,2016,646
60.7,10,6,09,2016,612
71.9,6.7,6,09,2016,598
63.2,10,6,09,2016,498
57.6,10,7,09,2016,572
65.3,10,7,09,2016,466
71.3,6.4,7,09,2016,538
70.6,9.3,7,09,2016,535
57.5,9.9,1,10,2016,573
60.5,9.9,1,10,2016,490
54.1,8,1,10,2016,539
48.3,8.2,1,10,2016,655
64.5,8.4,1,10,2016,585
49.1,10,2,10,2016,566
63.8,4.6,2,10,2016,590
54.3,10,2,10,2016,739
60.5,9.7,2,10,2016,523
44.7,10,3,10,2016,706
65.6,6.4,3,10,2016,676
58.7,10,3,10,2016,695
52.8,10,3,10,2016,498
60.4,9.1,4,10,2016,662
57.3,10,4,10,2016,764
46.5,9.8,4,10,2016,831
59.6,9.9,4,10,2016,757
55.9,10,5,10,2016,767
64.6,6,5,10,2016,851
51.8,7.7,5,10,2016,798
55.6,6.9,5,10,2016,754
51,8.8,6,10,2016,614
61.3,3.5,6,10,2016,629
50.5,10,6,10,2016,641
62,1.7,6,10,2016,581
58.7,8.5,6,10,2016,633
53.7,10,7,10,2016,534
61.3,4.4,7,10,2016,486
62.2,6.4,7,10,2016,480
61.1,9.3,7,10,2016,557
55.2,10,7,10,2016,503
38.8,10,1,11,2016,684
47.4,9.6,1,11,2016,699
54.4,9.6,1,11,2016,668
39.5,10,1,11,2016,647
46.2,10,2,11,2016,732
37.7,10,2,11,2016,765
47.2,10,2,11,2016,620
54.8,8.6,2,11,2016,741
43.8,8.5,2,11,2016,752
55.9,10,3,11,2016,665
51.6,8.8,3,11,2016,541
37.1,10,3,11,2016,807
52.9,4.1,3,11,2016,730
54.4,8,3,11,2016,705
42.2,10,4,11,2016,428
48.6,9.6,4,11,2016,707
49.4,10,4,11,2016,706
58.8,5.1,4,11,2016,689
48.6,10,5,11,2016,455
50.9,10,5,11,2016,776
54.9,10,5,11,2016,665
53.6,10,5,11,2016,777
47.8,10,6,11,2016,626
50.1,6.6,6,11,2016,692
42.1,10,6,11,2016,603
47,6.8,6,11,2016,463
49.9,9,7,11,2016,532
47,5.5,7,11,2016,529
51.3,10,7,11,2016,518
43.4,10,7,11,2016,466
43.6,6.5,1,12,2016,665
35.3,9.9,1,12,2016,722
36.4,10,1,12,2016,394
37.9,9.5,1,12,2016,791
34.8,10,2,12,2016,719
41.7,10,2,12,2016,711
49.8,4.4,2,12,2016,569
39.7,9.8,2,12,2016,630
38.8,10,3,12,2016,676
39.1,10,3,12,2016,546
42.8,8.8,3,12,2016,637
41.2,9.8,3,12,2016,689
38.9,10,4,12,2016,700
42.7,9.8,4,12,2016,635
53.4,6.6,4,12,2016,734
29.8,8.8,4,12,2016,749
37.3,8.6,4,12,2016,542
39,10,5,12,2016,692
36.6,10,5,12,2016,701
46.4,10,5,12,2016,690
40.4,9.5,5,12,2016,583
18.2,10,5,12,2016,792
36.2,5.9,6,12,2016,623
35.8,10,6,12,2016,465
44.1,8.2,6,12,2016,554
43.8,10,6,12,2016,592
28.2,10,6,12,2016,555
38.2,10,7,12,2016,482
49.8,2.5,7,12,2016,521
29.9,10,7,12,2016,522
40.4,10,7,12,2016,365
31.6,10,1,01,2017,477
18.3,10,1,01,2017,669
40.9,8.8,1,01,2017,667
34,9.7,1,01,2017,545
37.4,10,1,01,2017,449
40,9.6,2,01,2017,657
35.6,10,2,01,2017,597
48.9,2.3,2,01,2017,564
28.1,8.2,2,01,2017,571
44.3,5.4,2,01,2017,659
41.6,4.5,3,01,2017,549
41.1,8.5,3,01,2017,576
45,6.5,3,01,2017,629
46.5,6.2,3,01,2017,590
36.4,10,4,01,2017,552
40.7,7.4,4,01,2017,610
44.3,9,4,01,2017,563
47.8,5.4,4,01,2017,646
39.9,10,5,01,2017,605
46.8,7.2,5,01,2017,604
42.1,9.9,5,01,2017,583
31.7,6.1,5,01,2017,600
29.8,10,6,01,2017,495
38.7,10,6,01,2017,501
42.3,6.7,6,01,2017,475
31.3,5.7,6,01,2017,896
24.1,6.1,7,01,2017,406
33.6,9,7,01,2017,490
38,9.9,7,01,2017,428
43.2,4.5,7,01,2017,411
44.4,9,7,01,2017,485
39.1,10,1,02,2017,540
41.9,10,1,02,2017,428
35.9,6.5,1,02,2017,642
37.5,10,1,02,2017,568
38.1,8.4,2,02,2017,626
37.1,10,2,02,2017,483
44.2,9,2,02,2017,591
30.1,10,2,02,2017,688
40.6,9.7,3,02,2017,477
36.6,7.5,3,02,2017,603
38.7,9.7,3,02,2017,574
46.2,2.8,3,02,2017,673
37.7,10,4,02,2017,586
44,5.2,4,02,2017,581
36.1,9.2,4,02,2017,652
38.1,7,4,02,2017,507
21,7.9,5,02,2017,708
47.5,6.9,5,02,2017,657
31.8,10,5,02,2017,680
30.9,10,5,02,2017,609
32,8.4,6,02,2017,511
28.4,10,6,02,2017,541
37,9.8,6,02,2017,570
49.8,6.5,6,02,2017,573
35.6,7.9,7,02,2017,439
47.8,9.5,7,02,2017,438
43,7.3,7,02,2017,462
36.1,9.5,7,02,2017,429
28.9,10,1,03,2017,618
42,6.4,1,03,2017,629
21.9,10,1,03,2017,792
39.2,9.4,1,03,2017,750
39.9,10,2,03,2017,636
40.7,5,2,03,2017,592
36.3,6,2,03,2017,374
36.7,9.2,2,03,2017,637
29.8,7.5,3,03,2017,650
38.6,10,3,03,2017,617
45.9,5.5,3,03,2017,609
41.9,8.3,3,03,2017,672
47.4,2,3,03,2017,571
28.5,9.8,4,03,2017,839
40,10,4,03,2017,639
45.9,9.1,4,03,2017,665
47.8,6.9,4,03,2017,653
26.4,10,4,03,2017,703
33,10,5,03,2017,756
33.2,10,5,03,2017,745
35.5,5.8,5,03,2017,612
35.3,9.9,5,03,2017,654
37.6,9.2,5,03,2017,753
22.9,9.9,6,03,2017,536
42.9,8.2,6,03,2017,571
34.7,10,6,03,2017,504
22.5,9.4,6,03,2017,548
20.8,10,7,03,2017,489
37,9.5,7,03,2017,456
20,10,7,03,2017,516
36,5.6,7,03,2017,550
43,10,1,04,2017,646
56.4,8.7,1,04,2017,488
46.9,10,1,04,2017,634
46.6,10,1,04,2017,541
42.9,6.3,2,04,2017,598
47.8,10,2,04,2017,516
49.8,8.8,2,04,2017,519
49.7,6.7,2,04,2017,723
41.7,10,3,04,2017,580
49.1,8.3,3,04,2017,540
53.1,1.1,3,04,2017,630
42.6,7.8,3,04,2017,587
47.5,5.9,4,04,2017,632
52.9,3,4,04,2017,688
41.9,7.9,4,04,2017,713
49.8,9.5,4,04,2017,590
53.1,3.3,5,04,2017,857
47.8,6.9,5,04,2017,694
47.5,10,5,04,2017,515
45.7,4.6,5,04,2017,690
43.9,9.8,6,04,2017,627
54.2,2.7,6,04,2017,661
46.7,5.7,6,04,2017,551
39.8,3.3,6,04,2017,591
46.8,9.7,6,04,2017,495
51.9,5.3,7,04,2017,481
39.7,9.3,7,04,2017,514
46.3,10,7,04,2017,541
46.5,10,7,04,2017,517
53.4,9.8,7,04,2017,470
50,10,1,05,2017,638
51.1,10,1,05,2017,729
51.4,9.5,1,05,2017,719
49.6,8.1,1,05,2017,371
49.3,5,1,05,2017,639
56.8,7.5,2,05,2017,659
53.5,8.1,2,05,2017,647
55.4,2.2,2,05,2017,743
57.5,10,2,05,2017,694
48.3,10,2,05,2017,651
57.9,9.8,3,05,2017,753
55.4,3.6,3,05,2017,669
53.9,9,3,05,2017,641
54.7,9.5,3,05,2017,714
48.7,9.9,3,05,2017,668
49.5,10,4,05,2017,686
51.5,10,4,05,2017,701
53.8,5.6,4,05,2017,742
60.1,7,4,05,2017,911
55.4,6.2,5,05,2017,776
49.4,7.6,5,05,2017,776
59.6,6.2,5,05,2017,974
48.6,9.7,5,05,2017,817
55.1,2.6,6,05,2017,685
56.3,10,6,05,2017,612
47.9,10,6,05,2017,683
57.5,10,6,05,2017,475
52.5,7.1,7,05,2017,514
52.7,10,7,05,2017,618
51.8,9.4,7,05,2017,474
50.4,5.6,7,05,2017,633
56.6,7,1,06,2017,656
66.7,9.8,1,06,2017,669
66,8,1,06,2017,804
64.7,0.9,1,06,2017,819
52.4,5.1,2,06,2017,660
67.3,7.6,2,06,2017,829
64.3,9.9,2,06,2017,757
63.4,1.1,2,06,2017,813
54.5,8.4,3,06,2017,675
67.1,9.3,3,06,2017,754
65.4,9.9,3,06,2017,730
62.6,5.4,3,06,2017,744
65.6,9.9,4,06,2017,767
57.2,10,4,06,2017,771
52.7,9.2,4,06,2017,660
65.8,7.8,4,06,2017,845
55.7,3,4,06,2017,654
58.2,8.3,5,06,2017,737
66.9,8.8,5,06,2017,747
59.8,9.9,5,06,2017,657
57.6,9.1,5,06,2017,770
64.9,6.3,5,06,2017,793
60.4,9.3,6,06,2017,665
56.9,10,6,06,2017,637
61.7,4.3,6,06,2017,654
67.2,4.6,6,06,2017,753
58,10,7,06,2017,468
68.8,9.4,7,06,2017,590
63.8,0.7,7,06,2017,593
61.5,9.3,7,06,2017,702
63.9,10,1,07,2017,656
63,7.5,1,07,2017,620
70.9,8.2,1,07,2017,617
68.3,9.6,1,07,2017,667
67.3,3.9,1,07,2017,639
72,9.8,2,07,2017,424
62.8,9.5,2,07,2017,595
69.4,4,2,07,2017,706
68.8,2.7,2,07,2017,638
63.6,10,3,07,2017,635
71.6,4.2,3,07,2017,747
67.9,9.9,3,07,2017,706
70.8,1.8,3,07,2017,677
70.8,4.4,4,07,2017,759
61.8,10,4,07,2017,610
74.7,5.3,4,07,2017,774
61.7,9.9,4,07,2017,611
66,5.2,5,07,2017,674
69.2,10,5,07,2017,685
75.6,5.7,5,07,2017,733
63.7,9,5,07,2017,707
67.3,5.4,6,07,2017,585
74,8.8,6,07,2017,648
65.1,6.9,6,07,2017,512
67.7,5.9,6,07,2017,595
64.3,8.4,6,07,2017,649
68.4,8.7,7,07,2017,554
69.6,9.3,7,07,2017,512
68.7,4.2,7,07,2017,537
69.3,5.8,7,07,2017,515
67.1,9.6,7,07,2017,606
62.7,10,1,08,2017,584
67.5,10,1,08,2017,606
67.7,6.1,1,08,2017,602
69.9,9.8,1,08,2017,627
68.2,10,2,08,2017,705
62,9.9,2,08,2017,614
65.2,7.8,2,08,2017,631
67.8,4.3,2,08,2017,577
70.5,6.4,2,08,2017,684
72.3,6.3,3,08,2017,629
61.8,7,3,08,2017,671
67.1,8.2,3,08,2017,655
68.6,9.9,3,08,2017,618
71.1,6.8,3,08,2017,600
66.2,9.6,4,08,2017,618
67.8,8.8,4,08,2017,650
67.5,9.1,4,08,2017,713
70,10,4,08,2017,631
68,9.1,4,08,2017,639
67.7,2.9,5,08,2017,758
66.4,10,5,08,2017,633
66.6,8,5,08,2017,612
67.6,9.3,5,08,2017,655
64.1,9.9,6,08,2017,570
67.7,2.5,6,08,2017,573
71.8,5.6,6,08,2017,638
65.9,4.2,6,08,2017,526
62.3,10,7,08,2017,498
69.4,9.5,7,08,2017,519
72.8,6.3,7,08,2017,538
71,6.1,7,08,2017,563
63.6,10,1,09,2017,735
64.2,2.8,1,09,2017,726
65.7,3.4,1,09,2017,672
65.4,9.6,1,09,2017,532
65.3,10,2,09,2017,680
65.9,2.6,2,09,2017,656
65.5,3.3,2,09,2017,661
68.1,6.9,2,09,2017,707
66.1,3.2,3,09,2017,583
69.6,6,3,09,2017,608
67.5,9.5,3,09,2017,738
68.7,1.5,3,09,2017,696
67.1,7.9,4,09,2017,790
69.4,4.9,4,09,2017,740
67.4,5.1,4,09,2017,728
63.9,3.4,4,09,2017,535
67.9,6.7,5,09,2017,827
62.7,10,5,09,2017,681
61.3,2.8,5,09,2017,614
65.4,9.5,5,09,2017,740
59.6,10,5,09,2017,757
56.3,9.8,6,09,2017,550
58.7,10,6,09,2017,562
63.1,10,6,09,2017,608
62.6,2.1,6,09,2017,631
66.8,4.6,6,09,2017,623
60,6.7,7,09,2017,518
61.1,9.7,7,09,2017,533
64.7,4.8,7,09,2017,586
65.3,3.7,7,09,2017,587
58,10,1,10,2017,739
59.5,6.5,1,10,2017,669
66.3,6.2,1,10,2017,546
62.3,8.8,1,10,2017,641
60.4,6.9,1,10,2017,832
54.1,10,2,10,2017,687
51.1,10,2,10,2017,736
68.8,5.9,2,10,2017,768
57.7,10,2,10,2017,696
64.3,8.7,2,10,2017,685
59.3,10,3,10,2017,711
56.7,10,3,10,2017,737
62.1,10,3,10,2017,628
65.1,4.9,3,10,2017,648
57.1,10,4,10,2017,603
63.7,8.4,4,10,2017,657
60.1,7.8,4,10,2017,658
59.7,10,4,10,2017,766
62,10,5,10,2017,823
64.9,7.4,5,10,2017,649
54.1,10,5,10,2017,759
56.4,10,5,10,2017,658
62.4,6.7,6,10,2017,567
63.8,3.9,6,10,2017,570
58.8,10,6,10,2017,583
55.1,10,6,10,2017,615
55.5,10,7,10,2017,571
63.3,1.4,7,10,2017,496
65.8,9.2,7,10,2017,521
60.6,10,7,10,2017,528
60.4,9.6,7,10,2017,613
48.8,10,1,11,2017,699
43,10,1,11,2017,635
62.2,7.4,1,11,2017,682
40.5,10,1,11,2017,748
37.9,10,2,11,2017,649
53,9.8,2,11,2017,710
51.1,10,2,11,2017,790
46.1,10,2,11,2017,647
52.2,9.8,3,11,2017,701
43.9,10,3,11,2017,713
54.2,8,3,11,2017,774
50.6,10,3,11,2017,607
47,9.7,3,11,2017,662
38.7,10,4,11,2017,469
46.6,8.9,4,11,2017,811
48.3,10,4,11,2017,702
58.9,10,4,11,2017,746
43.2,10,4,11,2017,663
44.6,10,5,11,2017,724
58.7,3.4,5,11,2017,776
43.8,9.9,5,11,2017,814
40.8,10,5,11,2017,502
43.5,10,6,11,2017,629
50.1,10,6,11,2017,456
53.6,9.3,6,11,2017,613
30.2,10,6,11,2017,623
48.9,9.9,7,11,2017,485
54.5,10,7,11,2017,519
35.8,10,7,11,2017,539
54.8,7.8,7,11,2017,573
38.4,9.8,1,12,2017,725
32.7,9.7,1,12,2017,706
40.9,10,1,12,2017,684
41.1,7.9,1,12,2017,333
29.5,10,2,12,2017,543
42,10,2,12,2017,704
44.9,9.3,2,12,2017,657
42.6,9.7,2,12,2017,687
21.9,10,3,12,2017,577
32.8,9.2,3,12,2017,709
51.3,7.9,3,12,2017,651
44.3,9.9,3,12,2017,700
15.3,10,4,12,2017,609
28.2,8.1,4,12,2017,883
43.4,10,4,12,2017,693
32.4,10,4,12,2017,742
41,10,5,12,2017,682
13.7,9.5,5,12,2017,598
25.1,9.3,5,12,2017,999
32.7,9.7,5,12,2017,720
48.2,10,5,12,2017,772
38.7,7.8,6,12,2017,538
16.7,9.3,6,12,2017,565
30.9,8,6,12,2017,661
45.6,3.2,6,12,2017,565
42.5,10,6,12,2017,575
41.9,8.8,7,12,2017,469
21,4.9,7,12,2017,462
27.6,10,7,12,2017,547
39,9,7,12,2017,513
42.6,10,7,12,2017,448
9.5,10,1,01,2018,453
31.6,9.1,1,01,2018,523
36.4,7.6,1,01,2018,559
40.3,6.9,1,01,2018,531
35,9.9,1,01,2018,720
14.7,10,2,01,2018,654
45.3,4.4,2,01,2018,531
32.3,8.2,2,01,2018,617
38.3,9.3,2,01,2018,684
31.9,4.3,2,01,2018,579
36,5.5,3,01,2018,611
41.1,8.8,3,01,2018,615
25,10,3,01,2018,596
31.4,10,3,01,2018,687
25.6,10,3,01,2018,645
28,10,4,01,2018,602
37.1,5.9,4,01,2018,464
38.5,10,4,01,2018,696
32.4,8.4,4,01,2018,634
25.3,10,5,01,2018,677
23,9.5,5,01,2018,700
43.7,5.6,5,01,2018,704
28.9,10,5,01,2018,599
36.8,10,6,01,2018,510
38.1,10,6,01,2018,530
45.4,3,6,01,2018,603
13.2,10,6,01,2018,599
39.7,10,7,01,2018,418
9.3,10,7,01,2018,475
43.4,4.4,7,01,2018,412
27,10,7,01,2018,494
45,3.9,1,02,2018,543
42.1,6.5,1,02,2018,557
38.1,9.6,1,02,2018,435
42.5,5.1,1,02,2018,706
40.3,10,2,02,2018,631
31.5,10,2,02,2018,613
30,10,2,02,2018,545
45.6,2.9,2,02,2018,535
42.6,10,3,02,2018,654
36.9,8.5,3,02,2018,671
36.4,8.4,3,02,2018,653
45.9,0.2,3,02,2018,601
38.3,9.4,4,02,2018,594
34.6,8.4,4,02,2018,616
40.8,2.2,4,02,2018,645
43.1,8.3,4,02,2018,550
34.2,6.4,5,02,2018,617
37.5,9.7,5,02,2018,548
44.8,2.9,5,02,2018,582
28.3,10,5,02,2018,583
35.9,10,6,02,2018,604
41.6,9,6,02,2018,549
42.3,5,6,02,2018,540
19.8,10,6,02,2018,478
37.8,9.1,7,02,2018,541
46.3,1.2,7,02,2018,479
42.5,6.4,7,02,2018,448
39.4,8.3,7,02,2018,472
30.5,10,1,03,2018,686
36.7,10,1,03,2018,679
36.4,10,1,03,2018,710
37.8,8.2,1,03,2018,616
35,3.4,2,03,2018,578
37.6,10,2,03,2018,627
32.5,10,2,03,2018,597
37.7,10,2,03,2018,676
36.8,8.6,3,03,2018,477
38.1,8.9,3,03,2018,517
34.8,9.7,3,03,2018,652
40.4,10,3,03,2018,629
39.6,8.2,4,03,2018,633
46.7,10,4,03,2018,619
36.1,6.6,4,03,2018,760
36.5,9.7,4,03,2018,689
41.6,8.1,4,03,2018,613
35.5,9.6,5,03,2018,751
37.5,10,5,03,2018,732
45.3,5.1,5,03,2018,884
36.1,10,5,03,2018,753
46.8,2.1,5,03,2018,580
33.3,10,6,03,2018,562
38.1,10,6,03,2018,567
40.2,6.2,6,03,2018,609
43.6,9.6,6,03,2018,589
36.3,10,6,03,2018,550
27.2,10,7,03,2018,526
39.6,9.9,7,03,2018,457
36.3,10,7,03,2018,465
35.8,9.3,7,03,2018,491
44.7,2.6,1,04,2018,741
46.2,10,1,04,2018,656
36.3,10,1,04,2018,625
37.7,8.1,1,04,2018,562
46.4,10,1,04,2018,675
44.7,10,2,04,2018,671
45.6,8.4,2,04,2018,600
37.7,9.1,2,04,2018,668
35.3,9.3,2,04,2018,551
37.9,10,3,04,2018,612
41.9,10,3,04,2018,662
47.3,3.5,3,04,2018,554
49.2,7.1,3,04,2018,626
39.9,10,4,04,2018,531
50,3.2,4,04,2018,729
41.8,9.6,4,04,2018,706
42.8,10,4,04,2018,610
43.2,10,5,04,2018,707
47.7,6.7,5,04,2018,755
48.8,7.8,5,04,2018,690
38,9.4,5,04,2018,515
44.6,10,6,04,2018,584
49.5,5.1,6,04,2018,604
43.5,8.7,6,04,2018,487
47.7,7,6,04,2018,624
39.7,9,7,04,2018,510
46.3,10,7,04,2018,568
44.2,10,7,04,2018,399
50.5,9.2,7,04,2018,505
37.9,9.5,7,04,2018,468
53,8.7,1,05,2018,695
50.5,6.4,1,05,2018,689
53.4,5.8,1,05,2018,409
60.9,9.5,1,05,2018,626
54.6,10,2,05,2018,689
53.9,3,2,05,2018,778
57.7,6,2,05,2018,809
48.4,4.9,2,05,2018,736
48.4,10,2,05,2018,713
55.3,9.3,3,05,2018,686
59.2,6.4,3,05,2018,708
57.3,6.9,3,05,2018,729
54.5,10,3,05,2018,792
51.2,4,3,05,2018,711
51,6.2,4,05,2018,663
55.1,3.7,4,05,2018,698
54.1,5.3,4,05,2018,732
56.3,9.6,4,05,2018,770
54,9.5,4,05,2018,790
52.2,5.7,5,05,2018,616
56.8,8.1,5,05,2018,805
56.5,8,5,05,2018,799
53.3,7.8,5,05,2018,723
49.6,6,6,05,2018,583
48.9,9.5,6,05,2018,602
58.8,7.1,6,05,2018,601
58,9.2,6,05,2018,602
49.7,9.7,7,05,2018,529
52.5,8.1,7,05,2018,495
53.7,6,7,05,2018,487
56.5,0.7,7,05,2018,578
51,6.2,1,06,2018,698
62.9,9.1,1,06,2018,808
63.8,6.1,1,06,2018,733
56.2,10,1,06,2018,686
55.3,10,2,06,2018,720
54.5,9.4,2,06,2018,688
60.7,10,2,06,2018,762
67.7,6.3,2,06,2018,812
54.8,9.7,3,06,2018,651
62.7,10,3,06,2018,540
62.8,7.9,3,06,2018,698
59.4,7.9,3,06,2018,706
63.4,8.1,4,06,2018,815
51.5,10,4,06,2018,693
63.8,5.3,4,06,2018,833
64.1,6.3,4,06,2018,737
59,9.3,5,06,2018,728
54.8,7.9,5,06,2018,757
61.1,5.5,5,06,2018,728
68,4.4,5,06,2018,845
58.6,4.8,5,06,2018,751
62.9,9.8,6,06,2018,706
59.2,5.7,6,06,2018,513
63.1,4.4,6,06,2018,622
71.1,10,6,06,2018,651
62.8,9.3,6,06,2018,677
61.5,9.4,7,06,2018,533
66.7,10,7,06,2018,627
62.7,3.7,7,06,2018,553
52.8,10,7,06,2018,525
60.9,10,1,07,2018,672
68.7,2.6,1,07,2018,719
69.9,7.3,1,07,2018,614
68.4,8.7,1,07,2018,719
71.3,9.9,1,07,2018,580
67.2,9.9,2,07,2018,727
68.9,8.4,2,07,2018,709
66.9,2.9,2,07,2018,678
69.2,5.7,2,07,2018,654
70.5,4.6,2,07,2018,680
68.3,9.3,3,07,2018,627
69.8,5,3,07,2018,657
71.2,7.9,3,07,2018,688
71.7,4.8,3,07,2018,406
67.9,10,4,07,2018,739
69.8,4.7,4,07,2018,606
71.7,1.6,4,07,2018,720
68.2,10,4,07,2018,642
64.8,10,5,07,2018,726
64.3,10,5,07,2018,700
70.6,2.1,5,07,2018,753
70.6,4.8,5,07,2018,654
59.8,6.8,6,07,2018,622
64.9,10,6,07,2018,577
69.7,1.4,6,07,2018,637
67.3,9.9,6,07,2018,526
66.5,3.2,7,07,2018,540
65.5,8.6,7,07,2018,564
72.9,6.5,7,07,2018,463
70.8,8.8,7,07,2018,563
61.7,10,7,07,2018,545
66.7,4.7,1,08,2018,562
74.8,6.3,1,08,2018,632
69.1,7.7,1,08,2018,617
73.1,9.1,1,08,2018,651
75.8,6.7,2,08,2018,658
66.7,7.1,2,08,2018,580
72.8,4.5,2,08,2018,701
73,3.5,2,08,2018,715
69.2,7.5,3,08,2018,660
74.6,5.9,3,08,2018,656
74.1,9.4,3,08,2018,645
75.3,5.5,3,08,2018,685
68.1,4.8,3,08,2018,599
73.7,5.4,4,08,2018,722
74.9,3.6,4,08,2018,709
77.2,9.1,4,08,2018,647
76.2,7,4,08,2018,736
70,9.7,4,08,2018,610
76.9,9.6,5,08,2018,707
67.1,10,5,08,2018,681
69.9,10,5,08,2018,623
74.9,6.3,5,08,2018,703
73.7,4.6,5,08,2018,749
68.8,9,6,08,2018,568
66.5,9,6,08,2018,552
73.9,5.9,6,08,2018,579
71.8,4.4,6,08,2018,605
70.9,7.8,7,08,2018,499
68.2,10,7,08,2018,528
68.5,8.9,7,08,2018,490
74.3,8.8,7,08,2018,573
57.4,10,1,09,2018,594
69.9,9.2,1,09,2018,533
62.3,9.5,1,09,2018,650
65.6,7.9,1,09,2018,673
71,8.1,2,09,2018,740
68.9,7.4,2,09,2018,544
75.7,6.1,2,09,2018,786
60.5,8.7,2,09,2018,715
69.2,9.3,3,09,2018,768
71,3.1,3,09,2018,783
69.4,6.9,3,09,2018,755
66.5,7.8,3,09,2018,519
72.6,9.4,4,09,2018,822
66.1,6.3,4,09,2018,718
63.7,9.1,4,09,2018,659
66.3,8.5,4,09,2018,672
64.9,9.2,5,09,2018,684
71.1,10,5,09,2018,671
60.5,6.3,5,09,2018,712
60.6,10,5,09,2018,715
65.9,9.3,6,09,2018,596
66.6,10,6,09,2018,568
65,10,6,09,2018,529
68.8,9.6,6,09,2018,562
62.3,9.8,6,09,2018,604
63.9,6.8,7,09,2018,597
62.6,10,7,09,2018,556
67,10,7,09,2018,528
61,9.7,7,09,2018,510
59.8,10,7,09,2018,475
43.3,10,1,10,2018,650
57.1,9.1,1,10,2018,692
60.7,8.8,1,10,2018,501
54.9,9.8,1,10,2018,696
62,10,1,10,2018,583
51.5,9.9,2,10,2018,681
64.7,9.5,2,10,2018,613
57.1,8.6,2,10,2018,688
47.9,10,2,10,2018,721
63.1,10,2,10,2018,628
45.9,10,3,10,2018,646
64.4,7.7,3,10,2018,778
55.6,10,3,10,2018,699
66.2,3.9,3,10,2018,708
48.8,10,3,10,2018,719
67.2,4.1,4,10,2018,741
45.6,10,4,10,2018,735
60,9.6,4,10,2018,717
45.3,10,4,10,2018,763
63.1,5.2,5,10,2018,830
49.2,10,5,10,2018,787
62.2,9.8,5,10,2018,796
39.8,10,5,10,2018,747
55.5,10,6,10,2018,544
53.2,10,6,10,2018,577
59.5,9,6,10,2018,629
50,5.7,6,10,2018,757
64.4,8,7,10,2018,529
52.8,10,7,10,2018,516
48.5,9.1,7,10,2018,593
56.8,6.9,7,10,2018,556
47.5,9.7,1,11,2018,759
41.7,10,1,11,2018,497
46.7,10,1,11,2018,697
45.4,7.8,1,11,2018,743
51.9,5.8,2,11,2018,754
56.8,2.1,2,11,2018,679
48.2,9.2,2,11,2018,695
46.9,7.2,2,11,2018,609
39.9,9.7,3,11,2018,732
41,10,3,11,2018,573
57.9,8.4,3,11,2018,696
39.3,10,3,11,2018,688
24.9,10,4,11,2018,412
41.3,10,4,11,2018,646
58,7.6,4,11,2018,696
34,9.9,4,11,2018,1065
52.1,9.9,4,11,2018,631
23,9.7,5,11,2018,476
48.3,10,5,11,2018,867
60,5.2,5,11,2018,746
38.4,10,5,11,2018,743
42.8,5.5,5,11,2018,720
41.4,10,6,11,2018,536
59.7,5.4,6,11,2018,656
52.2,7.5,6,11,2018,606
44.5,10,6,11,2018,559
39.9,10,7,11,2018,500
47.7,10,7,11,2018,502
47.7,6.1,7,11,2018,483
41.7,10,7,11,2018,470
32,10,1,12,2018,622
35.5,10,1,12,2018,651
42.2,6.2,1,12,2018,689
35.2,9.5,1,12,2018,580
51,2.7,1,12,2018,697
32,10,2,12,2018,707
35.6,10,2,12,2018,328
40.6,10,2,12,2018,684
33.3,9.6,2,12,2018,731
29.8,10,3,12,2018,749
32.3,8.9,3,12,2018,631
31.8,10,3,12,2018,514
31.6,10,3,12,2018,652
38.6,9.6,4,12,2018,806
30.9,10,4,12,2018,686
34.9,10,4,12,2018,681
34.7,10,4,12,2018,582
37.9,10,5,12,2018,841
38,9.8,5,12,2018,705
41.8,7.5,5,12,2018,681
50.4,5.3,5,12,2018,782
27.9,10,6,12,2018,652
48.3,4.1,6,12,2018,568
46.1,5.7,6,12,2018,628
38.3,9.9,6,12,2018,601
48.4,4.1,6,12,2018,499
29.7,10,7,12,2018,465
34.6,10,7,12,2018,404
36.7,10,7,12,2018,505
43.8,8.4,7,12,2018,622
46,5.1,7,12,2018,558
13.7,7,1,01,2019,412
32.8,10,1,01,2019,703
27.4,10,1,01,2019,584
35.7,9.8,1,01,2019,565
33.8,10,2,01,2019,681
47.4,5.4,2,01,2019,430
15.8,10,2,01,2019,627
29.4,10,2,01,2019,618
36.3,6.7,2,01,2019,571
31.3,9.8,3,01,2019,579
35,10,3,01,2019,502
36.8,8.8,3,01,2019,630
31.6,9.4,3,01,2019,553
44.4,5.6,3,01,2019,514
29.4,10,4,01,2019,586
39.4,9.5,4,01,2019,504
34.9,9.7,4,01,2019,580
15.7,9.5,4,01,2019,601
46.5,5.2,4,01,2019,592
33.2,8.3,5,01,2019,596
37,8.9,5,01,2019,666
39,9.8,5,01,2019,598
28.6,10,5,01,2019,644
23.1,10,6,01,2019,520
30.5,10,6,01,2019,533
34.5,9.8,6,01,2019,479
43.8,5,6,01,2019,455
26,10,7,01,2019,374
35.1,9.9,7,01,2019,445
43.2,2.8,7,01,2019,411
39.7,9.6,7,01,2019,376
39.7,7.5,1,02,2019,651
32.8,6.3,1,02,2019,406
30.7,10,1,02,2019,568
38.7,8.4,1,02,2019,700
43,3,2,02,2019,570
25.9,10,2,02,2019,527
29.4,8.2,2,02,2019,687
29.2,10,2,02,2019,670
26.7,10,3,02,2019,615
21.6,10,3,02,2019,529
41.1,4.4,3,02,2019,639
39.1,9.9,3,02,2019,615
36.8,6.4,4,02,2019,597
35.5,10,4,02,2019,664
26,7.4,4,02,2019,699
39.1,4.5,4,02,2019,588
39.8,8.2,5,02,2019,616
40.6,3,5,02,2019,661
17.6,9.8,5,02,2019,651
38.3,10,5,02,2019,546
31.5,10,6,02,2019,540
34.8,10,6,02,2019,439
41.1,7.9,6,02,2019,535
23.5,10,6,02,2019,577
30.9,10,7,02,2019,439
40.5,5.7,7,02,2019,401
35.4,8.1,7,02,2019,490
28.7,10,7,02,2019,445
34.5,10,1,03,2019,575
41.7,6,1,03,2019,645
42.5,9.8,1,03,2019,526
37.9,7.7,1,03,2019,503
35.2,10,2,03,2019,565
28.2,10,2,03,2019,639
36.9,10,2,03,2019,610
38.6,10,2,03,2019,586
34.4,10,3,03,2019,562
25.4,10,3,03,2019,589
36.9,10,3,03,2019,584
34.5,10,3,03,2019,562
39,10,4,03,2019,611
22.1,10,4,03,2019,556
40.7,10,4,03,2019,624
36.3,10,4,03,2019,644
26.7,10,5,03,2019,711
44.4,10,5,03,2019,563
42.3,6.9,5,03,2019,718
27.2,10,5,03,2019,652
45.3,7.3,5,03,2019,673
39.3,9,6,03,2019,530
46.1,9.4,6,03,2019,516
46.9,6.1,6,03,2019,550
35.1,10,6,03,2019,523
35.1,6,6,03,2019,642
36.8,7.1,7,03,2019,462
39.1,10,7,03,2019,466
49.2,8.6,7,03,2019,450
36.3,10,7,03,2019,419
34.5,10,7,03,2019,503
41.8,10,1,04,2019,602
52.1,2.3,1,04,2019,522
52,2.1,1,04,2019,657
46.2,5.9,1,04,2019,594
47.8,9.8,1,04,2019,565
37.1,10,2,04,2019,553
41.4,9.4,2,04,2019,537
47.1,10,2,04,2019,638
45.6,8.3,2,04,2019,587
48.8,6.3,2,04,2019,592
47.5,10,3,04,2019,621
43.7,6.6,3,04,2019,613
51.5,8,3,04,2019,515
41.8,9.3,3,04,2019,633
43.7,9.6,4,04,2019,540
44.5,9.8,4,04,2019,660
47.7,9.9,4,04,2019,518
40.3,10,4,04,2019,537
39.4,10,5,04,2019,701
53.7,4.8,5,04,2019,551
46.8,7,5,04,2019,500
43.8,10,5,04,2019,688
46.3,9.2,6,04,2019,587
49.7,5.2,6,04,2019,599
54.5,2.9,6,04,2019,456
52.9,6.6,6,04,2019,526
46.9,9.4,7,04,2019,395
50.8,2.7,7,04,2019,457
52.2,2.3,7,04,2019,398
45.3,10,7,04,2019,487
46.1,9.7,1,05,2019,613
48.1,7.9,1,05,2019,630
57.2,4.9,1,05,2019,689
62.1,10,1,05,2019,442
58.9,7.8,2,05,2019,745
48.3,10,2,05,2019,647
51.6,8.1,2,05,2019,654
44.9,7,2,05,2019,621
56.7,10,3,05,2019,693
53,10,3,05,2019,649
48.5,9.7,3,05,2019,691
54.6,8.1,3,05,2019,601
46.9,10,3,05,2019,599
52.5,10,4,05,2019,722
47.7,10,4,05,2019,593
53.3,10,4,05,2019,642
49.4,8.2,4,05,2019,668
51.3,8.5,4,05,2019,625
52.3,8.4,5,05,2019,726
59.3,8.3,5,05,2019,728
48.4,9.4,5,05,2019,660
58.2,4.7,5,05,2019,765
47.3,7.8,5,05,2019,651
56.7,8.9,6,05,2019,649
56.9,10,6,05,2019,520
56.8,7,6,05,2019,637
51.3,4.3,6,05,2019,553
46.9,6.8,7,05,2019,529
45.7,7.6,7,05,2019,589
52,10,7,05,2019,547
57.6,8.9,7,05,2019,510
60.4,9.1,1,06,2019,659
59.4,10,1,06,2019,613
68.5,10,1,06,2019,731
66,8.1,1,06,2019,552
63.7,5.4,2,06,2019,682
60.4,5.7,2,06,2019,721
61.5,6,2,06,2019,662
58.5,10,2,06,2019,615
62.9,10,3,06,2019,686
62.3,6.7,3,06,2019,591
67.3,8.1,3,06,2019,803
59.8,9.6,3,06,2019,655
56.7,6.2,4,06,2019,634
61,3,4,06,2019,697
61.4,5.6,4,06,2019,734
62,5.2,4,06,2019,744
66.8,6.3,5,06,2019,753
63.2,3.8,5,06,2019,771
61.7,8.2,5,06,2019,749
59.8,9.8,5,06,2019,734
62.7,10,6,06,2019,620
55.3,6.2,6,06,2019,557
65.8,7.9,6,06,2019,660
64.7,9.7,6,06,2019,635
60.6,9.8,6,06,2019,580
56.9,5.1,7,06,2019,515
57.7,10,7,06,2019,526
65.7,10,7,06,2019,559
69.3,8.3,7,06,2019,569
62.8,9.3,7,06,2019,509
64.9,10,1,07,2019,592
72.8,8.9,1,07,2019,649
76.5,9.5,1,07,2019,641
73.1,10,1,07,2019,637
66.9,10,1,07,2019,693
69,9.7,2,07,2019,661
73,6.6,2,07,2019,638
70.4,7.8,2,07,2019,553
70.3,8.7,2,07,2019,658
67.9,10,2,07,2019,591
72.9,5.6,3,07,2019,604
70.2,9.2,3,07,2019,654
70.9,5.7,3,07,2019,630
71.5,7.3,3,07,2019,553
66.1,9.9,3,07,2019,626
66.8,2.2,4,07,2019,658
66.6,6.3,4,07,2019,394
69.5,10,4,07,2019,605
71.4,2,4,07,2019,620
70.8,7.9,5,07,2019,747
66.1,4.7,5,07,2019,542
67.1,9.4,5,07,2019,650
69.2,4.7,5,07,2019,666
68.9,1.5,6,07,2019,471
71.9,8.1,6,07,2019,558
67.1,10,6,07,2019,602
76.2,6.1,6,07,2019,586
71.8,7.9,7,07,2019,497
76.7,6.7,7,07,2019,477
66.9,9.6,7,07,2019,527
69,7.1,7,07,2019,441
70.2,9.9,1,08,2019,616
73.3,3.5,1,08,2019,563
71.2,10,1,08,2019,586
64.3,10,1,08,2019,494
60.4,10,2,08,2019,529
68.9,9.8,2,08,2019,551
71.2,7.9,2,08,2019,469
75.5,10,2,08,2019,574
65.4,9.2,3,08,2019,553
70.2,10,3,08,2019,608
71.1,8.6,3,08,2019,537
70.6,8.1,3,08,2019,522
74.3,5.9,4,08,2019,618
71,6.3,4,08,2019,592
73.3,9.4,4,08,2019,646
68.6,8.6,4,08,2019,560
74.6,7.2,4,08,2019,587
68,9.2,5,08,2019,630
73.7,8.9,5,08,2019,645
72,9.4,5,08,2019,569
71.6,7.4,5,08,2019,610
66.6,7.8,5,08,2019,523
71.2,10,6,08,2019,572
68.3,10,6,08,2019,514
70.3,9.1,6,08,2019,502
70.3,10,6,08,2019,566
67.5,3.8,6,08,2019,533
65.5,10,7,08,2019,482
73.3,9.9,7,08,2019,499
71.2,4.2,7,08,2019,481
68.8,10,7,08,2019,484
56.3,10,1,09,2019,435
65.4,9.6,1,09,2019,620
68.5,8.1,1,09,2019,639
63.9,9.8,1,09,2019,603
64.9,10,1,09,2019,427
61.5,10,2,09,2019,635
62.8,10,2,09,2019,605
70,8.9,2,09,2019,652
68.6,7.8,2,09,2019,628
63.8,10,3,09,2019,604
66.6,6.6,3,09,2019,600
68.3,10,3,09,2019,624
56,9.9,3,09,2019,605
57.3,10,4,09,2019,605
64.7,9.9,4,09,2019,645
65.4,6.2,4,09,2019,689
67.7,9.5,4,09,2019,628
59.6,10,5,09,2019,687
59.3,9.1,5,09,2019,591
58.8,10,5,09,2019,688
63.5,8.8,5,09,2019,703
60.7,10,6,09,2019,488
63.8,10,6,09,2019,532
62.1,7.4,6,09,2019,489
67,9.9,6,09,2019,577
68.2,8.8,7,09,2019,604
66.9,8.7,7,09,2019,488
64.6,6.4,7,09,2019,515
66,10,7,09,2019,462
63.8,10,7,09,2019,473
57.7,7.1,1,10,2019,400
55.2,9.5,1,10,2019,559
66.9,10,1,10,2019,575
56,8.3,1,10,2019,607
59.4,10,2,10,2019,454
55.1,9.9,2,10,2019,639
56.7,10,2,10,2019,549
61.3,9.3,2,10,2019,523
56.3,7.9,2,10,2019,562
51.5,9.9,3,10,2019,658
56.9,7.8,3,10,2019,383
61.4,6.6,3,10,2019,669
57.8,8.4,3,10,2019,595
67.6,8.9,3,10,2019,688
55.5,10,4,10,2019,613
58.2,9.9,4,10,2019,608
62.5,5.4,4,10,2019,616
55.3,10,4,10,2019,690
54.5,4.9,4,10,2019,615
57.4,9.4,5,10,2019,708
55.9,9.6,5,10,2019,647
55,10,5,10,2019,634
55.5,3.6,5,10,2019,606
55.2,7.9,6,10,2019,525
50.5,10,6,10,2019,586
56.2,6.7,6,10,2019,502
51.9,10,6,10,2019,557
57.6,9.6,7,10,2019,441
52,10,7,10,2019,435
49.3,10,7,10,2019,500
53.4,7.6,7,10,2019,467
48.4,3.6,1,11,2019,743
45.4,10,1,11,2019,641
51.5,10,1,11,2019,481
48.1,10,1,11,2019,623
46.5,8.4,2,11,2019,630
56.6,9.6,2,11,2019,440
53.9,8.4,2,11,2019,595
46.5,10,2,11,2019,702
29,9.3,3,11,2019,599
51.5,9.9,3,11,2019,615
44.8,9.1,3,11,2019,526
48.5,6,3,11,2019,561
43.3,10,4,11,2019,647
47.2,8.9,4,11,2019,374
35,10,4,11,2019,545
51.4,9.8,4,11,2019,669
48.1,8.8,5,11,2019,633
42.7,10,5,11,2019,676
58.7,8.4,5,11,2019,782
49.3,9.8,5,11,2019,621
40.5,10,5,11,2019,425
35.3,10,6,11,2019,502
39.7,10,6,11,2019,527
47,10,6,11,2019,506
40.4,10,6,11,2019,528
35,10,6,11,2019,465
48.3,10,7,11,2019,457
41.5,10,7,11,2019,444
51,10,7,11,2019,479
50.2,7.5,7,11,2019,517
44.8,4.3,1,12,2019,580
35.4,10,1,12,2019,519
44.3,7.5,1,12,2019,593
48.2,7.3,1,12,2019,737
39.6,5.2,1,12,2019,518
37.5,7.3,2,12,2019,700
42.8,10,2,12,2019,530
44.7,4.8,2,12,2019,443
39.9,5.2,2,12,2019,620
53.1,1.8,2,12,2019,667
35.6,10,3,12,2019,264
39.9,4.9,3,12,2019,578
39.3,7.6,3,12,2019,701
36.6,10,3,12,2019,552
31.1,10,4,12,2019,599
39.6,10,4,12,2019,597
35.9,10,4,12,2019,414
24.2,10,4,12,2019,699
38.3,10,5,12,2019,563
38.7,9.8,5,12,2019,760
40.1,10,5,12,2019,448
24.2,10,5,12,2019,698
36.4,10,6,12,2019,566
44.5,9,6,12,2019,355
52.7,3.1,6,12,2019,577
33.3,10,6,12,2019,520
36.7,10,7,12,2019,409
31.8,10,7,12,2019,455
41.3,9.6,7,12,2019,510
38.4,10,7,12,2019,384
47.7,8,7,12,2019,503
40.1,10,1,01,2020,452
42.5,9.5,1,01,2020,476
28.1,10,1,01,2020,390
33.5,9.9,1,01,2020,459
39.4,10,2,01,2020,404
41.5,8.8,2,01,2020,497
27.8,10,2,01,2020,556
39,10,2,01,2020,408
35.3,10,3,01,2020,495
40.3,10,3,01,2020,346
27.1,10,3,01,2020,489
37.2,8.4,3,01,2020,454
43.9,8.2,3,01,2020,508
40.4,6.6,4,01,2020,547
31.6,10,4,01,2020,525
32.3,9.7,4,01,2020,451
29.5,10,4,01,2020,521
39.6,10,4,01,2020,413
29.8,10,5,01,2020,518
39.7,9.3,5,01,2020,522
37.3,6.5,5,01,2020,524
27.1,10,5,01,2020,566
45.8,7,5,01,2020,456
23.5,9.6,6,01,2020,774
43.1,9,6,01,2020,383
49.4,6.7,6,01,2020,439
45.4,3.6,6,01,2020,353
41.2,7.5,7,01,2020,360
40.1,7.1,7,01,2020,291
44.3,6.5,7,01,2020,398
52,2.9,7,01,2020,391
38.8,9.9,1,02,2020,559
43.5,9.1,1,02,2020,572
41.1,8.9,1,02,2020,493
38.5,10,1,02,2020,339
37.2,9.2,2,02,2020,428
42.2,9.2,2,02,2020,464
44.1,3.1,2,02,2020,458
44,5.6,2,02,2020,527
44,7.7,3,02,2020,477
41,8,3,02,2020,432
40.7,9.9,3,02,2020,438
44.5,4.7,3,02,2020,449
31.4,10,4,02,2020,448
41.3,7,4,02,2020,504
44.6,4.8,4,02,2020,581
41.6,5.3,4,02,2020,544
33.8,10,5,02,2020,632
36.4,10,5,02,2020,530
46.3,5,5,02,2020,604
27.7,9.9,5,02,2020,504
22.8,10,6,02,2020,440
39.7,9.9,6,02,2020,409
34.9,10,6,02,2020,407
34.2,10,6,02,2020,466
34.1,10,6,02,2020,456
37.9,10,7,02,2020,387
33.1,10,7,02,2020,373
39.9,9.8,7,02,2020,392
38.5,9.3,7,02,2020,391
36.3,10,1,03,2020,562
34,10,1,03,2020,378
44.7,9.2,1,03,2020,546
44.7,5.3,1,03,2020,164
36,9.4,1,03,2020,225
40,7.1,2,03,2020,374
39.4,9.2,2,03,2020,158
46.3,7.5,2,03,2020,450
43.3,6.6,2,03,2020,201
46.4,8,2,03,2020,550
43.9,10,3,03,2020,298
41,9.9,3,03,2020,168
47.2,8.7,3,03,2020,473
46.7,7.3,3,03,2020,540
41.2,9.7,4,03,2020,187
45,5.3,4,03,2020,339
43.5,10,4,03,2020,529
40.6,9.1,4,03,2020,456
46.4,5.6,5,03,2020,551
40,9.5,5,03,2020,673
46.2,3.3,5,03,2020,306
47.6,9.7,5,03,2020,195
34.3,6.5,6,03,2020,515
42.3,9.9,6,03,2020,183
45.9,8.5,6,03,2020,238
45.3,9,6,03,2020,371
33.7,10,7,03,2020,139
38.6,10,7,03,2020,408
44.8,7.8,7,03,2020,146
28.7,10,7,03,2020,423
42.6,10,7,03,2020,331
51.6,6.6,1,04,2020,138
46.7,9.9,1,04,2020,127
46.8,9.9,1,04,2020,140
46.3,1.3,1,04,2020,131
41.8,8.7,2,04,2020,185
49,10,2,04,2020,130
50.5,7.5,2,04,2020,135
42.4,9.4,2,04,2020,121
39.9,10,3,04,2020,155
46.9,10,3,04,2020,137
46.5,9.6,3,04,2020,125
44.7,9.6,3,04,2020,139
42,10,3,04,2020,148
43,5.7,4,04,2020,103
43.7,10,4,04,2020,138
42.8,10,4,04,2020,108
46.8,9.8,4,04,2020,173
42,9.4,4,04,2020,166
45.1,10,5,04,2020,115
42.2,10,5,04,2020,158
46.3,7.7,5,04,2020,172
43.7,3.7,5,04,2020,191
41,6.9,6,04,2020,125
42.3,6.8,6,04,2020,156
47.7,10,6,04,2020,152
44.1,10,6,04,2020,121
45.9,10,7,04,2020,106
44.3,10,7,04,2020,102
45.3,7.9,7,04,2020,140
41.8,10,7,04,2020,94
52.5,10,1,05,2020,185
56.3,9.1,1,05,2020,174
56,8.6,1,05,2020,214
50.6,9.8,1,05,2020,173
51.5,10,2,05,2020,174
51.7,10,2,05,2020,229
58.2,5.8,2,05,2020,224
49.6,10,2,05,2020,191
45.6,10,3,05,2020,184
49.9,10,3,05,2020,192
48.8,10,3,05,2020,212
57.4,2,3,05,2020,239
48.3,9.6,4,05,2020,212
46.3,9.8,4,05,2020,175
51.6,10,4,05,2020,171
60.2,6.6,4,05,2020,209
51,10,5,05,2020,177
51.3,4.9,5,05,2020,186
61,3.6,5,05,2020,258
54.1,8.6,5,05,2020,242
57,10,5,05,2020,264
56.4,4.1,6,05,2020,193
57.6,8.2,6,05,2020,217
51.4,7.8,6,05,2020,189
46.2,9.4,6,05,2020,148
60.4,3.5,6,05,2020,226
51.7,9.7,7,05,2020,197
49.4,10,7,05,2020,171
61.5,9.8,7,05,2020,208
51.3,9.3,7,05,2020,167
46,10,7,05,2020,163
55.4,10,1,06,2020,196
58.3,8.1,1,06,2020,223
62.6,10,1,06,2020,235
67.1,5.5,1,06,2020,301
68.6,9.7,1,06,2020,295
61.9,10,2,06,2020,251
63.5,2.3,2,06,2020,291
57.1,10,2,06,2020,197
66.3,7.9,2,06,2020,278
59.9,10,2,06,2020,259
61.2,10,3,06,2020,244
66.4,1.5,3,06,2020,300
60.3,7,3,06,2020,238
59.2,9.2,3,06,2020,216
67.8,9.1,4,06,2020,250
64.4,9,4,06,2020,245
63.6,6.6,4,06,2020,251
59.8,3.7,4,06,2020,226
63.9,3.5,5,06,2020,306
63.1,3.2,5,06,2020,277
60.4,3.9,5,06,2020,248
66.7,9.6,5,06,2020,337
61.2,1.6,6,06,2020,262
64.8,6.6,6,06,2020,246
66.6,6.8,6,06,2020,273
62.5,7.3,6,06,2020,282
62.2,8.8,7,06,2020,206
65.2,5.8,7,06,2020,245
68,6.9,7,06,2020,240
60.9,10,7,06,2020,228
70.3,4.9,1,07,2020,290
77,7.6,1,07,2020,320
71,2.1,1,07,2020,281
67.9,6.4,1,07,2020,257
76.5,6.6,2,07,2020,298
60.1,8.9,2,07,2020,243
77.6,8.3,2,07,2020,331
72,6.2,2,07,2020,320
75.3,7.5,3,07,2020,318
68.1,9.9,3,07,2020,267
72.7,7.8,3,07,2020,290
64.4,6,3,07,2020,259
66.5,9.8,3,07,2020,268
63.6,10,4,07,2020,322
74.4,3.7,4,07,2020,300
70.9,8.2,4,07,2020,313
74.1,5.7,4,07,2020,332
68.2,7.8,4,07,2020,340
69.5,7,5,07,2020,302
73.7,7.8,5,07,2020,312
62.6,9.9,5,07,2020,308
69.8,3.8,5,07,2020,296
73.7,6.3,5,07,2020,343
70.2,3.2,6,07,2020,316
70.3,3.4,6,07,2020,274
69.6,5.5,6,07,2020,291
66.1,5.1,6,07,2020,278
71.8,7,7,07,2020,292
75.1,8,7,07,2020,313
63.1,4.4,7,07,2020,290
69.1,0.8,7,07,2020,313
71.7,2.3,1,08,2020,320
76.1,5.1,1,08,2020,353
74.3,9.8,1,08,2020,320
67,10,1,08,2020,294
66,7.5,1,08,2020,288
74.2,5.9,2,08,2020,286
74.8,3.4,2,08,2020,451
75.4,7.8,2,08,2020,317
68.3,9.6,2,08,2020,311
74.8,8.9,3,08,2020,345
75.3,5.9,3,08,2020,293
70.2,10,3,08,2020,310
70.4,8.8,3,08,2020,286
68.4,10,4,08,2020,306
66.9,9.9,4,08,2020,343
74.1,6.4,4,08,2020,356
77,4.1,4,08,2020,275
69.1,10,5,08,2020,348
69,6.5,5,08,2020,337
70.6,9.9,5,08,2020,306
74.6,9.7,5,08,2020,344
72.3,9.7,6,08,2020,328
69.7,5.1,6,08,2020,260
70.4,7.3,6,08,2020,313
70.8,5.4,6,08,2020,291
72.6,8.5,6,08,2020,375
66.6,7.6,7,08,2020,279
72.3,8.1,7,08,2020,316
71.5,9.3,7,08,2020,283
72,9,7,08,2020,303
71.9,8.9,7,08,2020,286
69.5,9.5,1,09,2020,289
67.1,10,1,09,2020,295
56.8,10,1,09,2020,310
68.1,6.3,1,09,2020,300
61.5,10,2,09,2020,301
67.5,6.1,2,09,2020,317
65.9,5.2,2,09,2020,337
65.7,10,2,09,2020,337
58.8,10,2,09,2020,307
58.8,10,3,09,2020,307
64.1,10,3,09,2020,356
67.6,7.7,3,09,2020,347
66.5,8.4,3,09,2020,309
69.3,4.3,3,09,2020,292
66.2,10,4,09,2020,297
70.5,2.1,4,09,2020,363
68.5,10,4,09,2020,322
70.8,0.8,4,09,2020,347
64.6,7,5,09,2020,348
63.6,8.8,5,09,2020,341
72.8,8.3,5,09,2020,383
69.1,7.1,5,09,2020,351
58.8,10,6,09,2020,330
70.7,10,6,09,2020,362
62.4,10,6,09,2020,304
63.6,4.5,6,09,2020,330
67.3,10,7,09,2020,293
64.2,10,7,09,2020,245
66.7,9.2,7,09,2020,315
55.2,10,7,09,2020,275
55.6,10,1,10,2020,276
55.3,10,1,10,2020,323
56.9,9.2,1,10,2020,302
56.1,9.9,1,10,2020,314
59.2,9.9,2,10,2020,325
56.7,8.2,2,10,2020,262
59.7,8,2,10,2020,336
61.8,3.3,2,10,2020,323
53.6,8,3,10,2020,309
65.7,9.6,3,10,2020,308
64.9,4.7,3,10,2020,338
60.7,10,3,10,2020,333
50.8,6.8,4,10,2020,334
59.5,10,4,10,2020,332
63.5,10,4,10,2020,311
65,5.3,4,10,2020,264
66.4,9.7,4,10,2020,332
52.5,10,5,10,2020,330
44.3,6,5,10,2020,394
62,9.5,5,10,2020,337
64.8,8.7,5,10,2020,350
65.4,10,5,10,2020,304
61.4,10,6,10,2020,323
54.3,9.5,6,10,2020,335
44.9,10,6,10,2020,334
65.2,9.9,6,10,2020,277
60.9,10,6,10,2020,301
54.7,10,7,10,2020,305
52.1,10,7,10,2020,281
61,10,7,10,2020,269
60.9,10,7,10,2020,248
53.9,7.6,1,11,2020,298
54.8,6.6,1,11,2020,318
54.9,9.4,1,11,2020,305
42.1,10,1,11,2020,327
52.7,8.3,1,11,2020,301
44,10,2,11,2020,285
42.2,10,2,11,2020,324
47.4,10,2,11,2020,261
57.2,5.7,2,11,2020,343
45.1,10,3,11,2020,276
46.4,10,3,11,2020,302
38.1,10,3,11,2020,295
61.4,9,3,11,2020,300
37.2,10,4,11,2020,279
55.7,7,4,11,2020,203
59,9.8,4,11,2020,357
60.7,3.7,4,11,2020,327
53.5,6.9,5,11,2020,391
56.9,9,5,11,2020,358
54,5.4,5,11,2020,279
59.5,7.6,5,11,2020,365
50.6,8.7,6,11,2020,239
50.5,10,6,11,2020,298
60.4,8.3,6,11,2020,329
57.7,9.3,6,11,2020,314
46.4,10,7,11,2020,251
50.9,10,7,11,2020,222
57.2,8.4,7,11,2020,308
58.8,8.5,7,11,2020,326
47.4,10,7,11,2020,248
35.1,10,1,12,2020,281
44,8.9,1,12,2020,250
43,10,1,12,2020,217
42.3,8.2,1,12,2020,268
41.3,9.7,2,12,2020,244
40.8,9.3,2,12,2020,320
58.1,4.3,2,12,2020,269
36.4,10,2,12,2020,282
37.7,10,2,12,2020,315
34.1,10,3,12,2020,238
35.4,9.6,3,12,2020,280
38.5,10,3,12,2020,360
31.8,10,3,12,2020,341
47.5,9.8,3,12,2020,235
40.8,10,4,12,2020,311
45.1,10,4,12,2020,252
48.8,8.4,4,12,2020,278
47.6,9.3,4,12,2020,315
38.9,4,4,12,2020,233
41.5,10,5,12,2020,348
53.6,10,5,12,2020,372
53.9,4.3,5,12,2020,168
36.1,9.6,5,12,2020,278
40.1,8.8,6,12,2020,226
35.6,9.7,6,12,2020,251
52.1,8.6,6,12,2020,285
51.5,6.3,6,12,2020,278
38.5,10,7,12,2020,194
39.3,9.8,7,12,2020,241
53.4,6.3,7,12,2020,265
34.2,10,7,12,2020,184
